frame,rw,v,h,pc,addr,data,range
3000,W,0x046,0x21,0xff19d8,0xa15110,0x00ec,dlen
3000,W,0x046,0x47,0xff1908,0xa15112,0xe1ec,fifo
3000,W,0x046,0x5a,0xff1922,0xa15112,0x0013,fifo
3000,W,0x046,0x76,0xff1944,0xa15112,0x0000,fifo
3000,W,0x046,0x97,0xff1944,0xa15112,0x5555,fifo
3000,W,0x047,0xe6,0xff1944,0xa15112,0x0000,fifo
3000,W,0x047,0x04,0xff1944,0xa15112,0x0000,fifo
3000,W,0x047,0x25,0xff1944,0xa15112,0x0000,fifo
3000,W,0x047,0x46,0xff1944,0xa15112,0x0000,fifo
3000,W,0x047,0x67,0xff1944,0xa15112,0x0000,fifo
3000,W,0x047,0x89,0xff1944,0xa15112,0x0000,fifo
3000,W,0x048,0xa9,0xff1944,0xa15112,0x0020,fifo
3000,W,0x048,0xf5,0xff1944,0xa15112,0x0020,fifo
3000,W,0x048,0x16,0xff1944,0xa15112,0x0000,fifo
3000,W,0x048,0x37,0xff1944,0xa15112,0x0000,fifo
3000,W,0x048,0x59,0xff1944,0xa15112,0x0089,fifo
3000,W,0x048,0x79,0xff1944,0xa15112,0x0089,fifo
3000,W,0x048,0x9b,0xff1944,0xa15112,0x0000,fifo
3000,W,0x049,0xea,0xff1944,0xa15112,0x0000,fifo
3000,W,0x049,0x07,0xff1944,0xa15112,0x0000,fifo
3000,W,0x049,0x29,0xff1944,0xa15112,0x0000,fifo
3000,W,0x049,0x4b,0xff1944,0xa15112,0x0000,fifo
3000,W,0x049,0x6b,0xff1944,0xa15112,0x0000,fifo
3000,W,0x049,0x91,0xff196e,0xa15112,0x0000,fifo
3000,W,0x04a,0xb3,0xff196e,0xa15112,0x0000,fifo
3000,W,0x04a,0xfe,0xff196e,0xa15112,0x0000,fifo
3000,W,0x04a,0x1f,0xff196e,0xa15112,0x0000,fifo
3000,W,0x04a,0x40,0xff196e,0xa15112,0x0000,fifo
3000,W,0x04a,0x61,0xff196e,0xa15112,0x0000,fifo
3000,W,0x04a,0x83,0xff196e,0xa15112,0x0000,fifo
3000,W,0x04a,0xa3,0xff196e,0xa15112,0x0000,fifo
3000,W,0x04b,0xf1,0xff196e,0xa15112,0x0000,fifo
3000,W,0x04b,0x11,0xff196e,0xa15112,0x0000,fifo
3000,W,0x04b,0x31,0xff196e,0xa15112,0x0000,fifo
3000,W,0x04b,0x53,0xff196e,0xa15112,0x0000,fifo
3000,W,0x04b,0x75,0xff196e,0xa15112,0x0000,fifo
3000,W,0x04b,0x95,0xff196e,0xa15112,0x0000,fifo
3000,W,0x04c,0xe5,0xff196e,0xa15112,0x0000,fifo
3000,W,0x04c,0x01,0xff196e,0xa15112,0x0000,fifo
3000,W,0x04c,0x23,0xff196e,0xa15112,0x0000,fifo
3000,W,0x04c,0x45,0xff196e,0xa15112,0x0000,fifo
3000,W,0x04c,0x65,0xff196e,0xa15112,0x0000,fifo
3000,W,0x04c,0x87,0xff196e,0xa15112,0x0000,fifo
3000,W,0x04d,0xa9,0xff196e,0xa15112,0x0000,fifo
3000,W,0x04d,0xf4,0xff196e,0xa15112,0x0000,fifo
3000,W,0x04d,0x15,0xff196e,0xa15112,0x0000,fifo
3000,W,0x04d,0x37,0xff196e,0xa15112,0x0000,fifo
3000,W,0x04d,0x57,0xff196e,0xa15112,0x0000,fifo
3000,W,0x04d,0x79,0xff196e,0xa15112,0x0000,fifo
3000,W,0x04d,0x99,0xff196e,0xa15112,0x0000,fifo
3000,W,0x04e,0xe8,0xff196e,0xa15112,0x0000,fifo
3000,W,0x04e,0x07,0xff196e,0xa15112,0x0000,fifo
3000,W,0x04e,0x27,0xff196e,0xa15112,0x0000,fifo
3000,W,0x04e,0x49,0xff196e,0xa15112,0x0000,fifo
3000,W,0x04e,0x6a,0xff196e,0xa15112,0x0000,fifo
3000,W,0x04e,0x8b,0xff196e,0xa15112,0x0000,fifo
3000,W,0x04f,0xac,0xff196e,0xa15112,0x0000,fifo
3000,W,0x04f,0xf8,0xff196e,0xa15112,0x0000,fifo
3000,W,0x04f,0x19,0xff196e,0xa15112,0x0000,fifo
3000,W,0x04f,0x3a,0xff196e,0xa15112,0x0000,fifo
3000,W,0x04f,0x5b,0xff196e,0xa15112,0x0000,fifo
3000,W,0x04f,0x7c,0xff196e,0xa15112,0x0000,fifo
3000,W,0x04f,0x9e,0xff196e,0xa15112,0x0000,fifo
3000,W,0x050,0xeb,0xff196e,0xa15112,0x0000,fifo
3000,W,0x050,0x0a,0xff196e,0xa15112,0x0000,fifo
3000,W,0x050,0x2c,0xff196e,0xa15112,0x0000,fifo
3000,W,0x050,0x4d,0xff196e,0xa15112,0x0000,fifo
3000,W,0x050,0x6e,0xff196e,0xa15112,0x0000,fifo
3000,W,0x050,0x90,0xff196e,0xa15112,0x0000,fifo
3000,W,0x051,0xb0,0xff196e,0xa15112,0x0000,fifo
3000,W,0x051,0xfc,0xff196e,0xa15112,0x0000,fifo
3000,W,0x051,0x1d,0xff196e,0xa15112,0x0000,fifo
3000,W,0x051,0x3e,0xff196e,0xa15112,0x0000,fifo
3000,W,0x051,0x60,0xff196e,0xa15112,0x0000,fifo
3000,W,0x051,0x80,0xff196e,0xa15112,0x0000,fifo
3000,W,0x051,0xa2,0xff196e,0xa15112,0x0000,fifo
3000,W,0x052,0xef,0xff196e,0xa15112,0x0000,fifo
3000,W,0x052,0x0e,0xff196e,0xa15112,0x0000,fifo
3000,W,0x052,0x30,0xff196e,0xa15112,0x0000,fifo
3000,W,0x052,0x52,0xff196e,0xa15112,0x0000,fifo
3000,W,0x052,0x72,0xff196e,0xa15112,0x0000,fifo
3000,W,0x052,0x94,0xff196e,0xa15112,0x0000,fifo
3000,W,0x053,0xb4,0xff196e,0xa15112,0x0000,fifo
3000,W,0x053,0x14,0xff19a8,0xa15112,0xb878,fifo
3000,W,0x053,0x32,0xff19a8,0xa15112,0x01d6,fifo
3000,W,0x053,0x51,0xff19a8,0xa15112,0x0009,fifo
3000,W,0x053,0x6d,0xff19a8,0xa15112,0x1b3f,fifo
3000,W,0x053,0x8c,0xff19a8,0xa15112,0xf380,fifo
3000,W,0x054,0xa9,0xff19a8,0xa15112,0x0000,fifo
3000,W,0x054,0xf2,0xff19a8,0xa15112,0x0000,fifo
3000,W,0x054,0x0e,0xff19a8,0xa15112,0x0000,fifo
3000,W,0x054,0x2c,0xff19a8,0xa15112,0xb878,fifo
3000,W,0x054,0x4a,0xff19a8,0xa15112,0x01ae,fifo
3000,W,0x054,0x67,0xff19a8,0xa15112,0x0009,fifo
3000,W,0x054,0x85,0xff19a8,0xa15112,0x1b3f,fifo
3000,W,0x054,0xa2,0xff19a8,0xa15112,0xf380,fifo
3000,W,0x055,0xed,0xff19a8,0xa15112,0x0000,fifo
3000,W,0x055,0x07,0xff19a8,0xa15112,0x0000,fifo
3000,W,0x055,0x26,0xff19a8,0xa15112,0x0000,fifo
3000,W,0x055,0x44,0xff19a8,0xa15112,0xb878,fifo
3000,W,0x055,0x61,0xff19a8,0xa15112,0x0186,fifo
3000,W,0x055,0x7f,0xff19a8,0xa15112,0x0009,fifo
3000,W,0x055,0x9c,0xff19a8,0xa15112,0x1b3f,fifo
3000,W,0x056,0xe7,0xff19a8,0xa15112,0xf380,fifo
3000,W,0x056,0x01,0xff19a8,0xa15112,0x0000,fifo
3000,W,0x056,0x1f,0xff19a8,0xa15112,0x0000,fifo
3000,W,0x056,0x3d,0xff19a8,0xa15112,0x0000,fifo
3000,W,0x056,0x5a,0xff19a8,0xa15112,0xb878,fifo
3000,W,0x056,0x79,0xff19a8,0xa15112,0x015e,fifo
3000,W,0x056,0x95,0xff19a8,0xa15112,0x0009,fifo
3000,W,0x057,0xb4,0xff19a8,0xa15112,0x1b3f,fifo
3000,W,0x057,0xfb,0xff19a8,0xa15112,0xf380,fifo
3000,W,0x057,0x19,0xff19a8,0xa15112,0x0000,fifo
3000,W,0x057,0x37,0xff19a8,0xa15112,0x0000,fifo
3000,W,0x057,0x54,0xff19a8,0xa15112,0x0000,fifo
3000,W,0x057,0x72,0xff19a8,0xa15112,0xb878,fifo
3000,W,0x057,0x8f,0xff19a8,0xa15112,0x0136,fifo
3000,W,0x058,0xad,0xff19a8,0xa15112,0x0009,fifo
3000,W,0x058,0xf5,0xff19a8,0xa15112,0x1b3f,fifo
3000,W,0x058,0x13,0xff19a8,0xa15112,0xf380,fifo
3000,W,0x058,0x31,0xff19a8,0xa15112,0x0000,fifo
3000,W,0x058,0x4e,0xff19a8,0xa15112,0x0000,fifo
3000,W,0x058,0x6c,0xff19a8,0xa15112,0x0000,fifo
3000,W,0x058,0x89,0xff19a8,0xa15112,0xb878,fifo
3000,W,0x059,0xa7,0xff19a8,0xa15112,0x010e,fifo
3000,W,0x059,0xef,0xff19a8,0xa15112,0x0009,fifo
3000,W,0x059,0x0c,0xff19a8,0xa15112,0x1b3f,fifo
3000,W,0x059,0x2a,0xff19a8,0xa15112,0xf380,fifo
3000,W,0x059,0x47,0xff19a8,0xa15112,0x0000,fifo
3000,W,0x059,0x65,0xff19a8,0xa15112,0x0000,fifo
3000,W,0x059,0x82,0xff19a8,0xa15112,0x0000,fifo
3000,W,0x059,0xa0,0xff19a8,0xa15112,0xb878,fifo
3000,W,0x05a,0xea,0xff19a8,0xa15112,0x00e6,fifo
3000,W,0x05a,0x06,0xff19a8,0xa15112,0x0009,fifo
3000,W,0x05a,0x24,0xff19a8,0xa15112,0x1b3f,fifo
3000,W,0x05a,0x41,0xff19a8,0xa15112,0xf380,fifo
3000,W,0x05a,0x5f,0xff19a8,0xa15112,0x0000,fifo
3000,W,0x05a,0x7c,0xff19a8,0xa15112,0x0000,fifo
3000,W,0x05a,0x9a,0xff19a8,0xa15112,0x0000,fifo
3000,W,0x05b,0xe5,0xff19a8,0xa15112,0x7839,fifo
3000,W,0x05b,0xff,0xff19a8,0xa15112,0x00f3,fifo
3000,W,0x05b,0x1e,0xff19a8,0xa15112,0x0008,fifo
3000,W,0x05b,0x3a,0xff19a8,0xa15112,0x0fe9,fifo
3000,W,0x05b,0x59,0xff19a8,0xa15112,0xf082,fifo
3000,W,0x05b,0x76,0xff19a8,0xa15112,0x0000,fifo
3000,W,0x05b,0x94,0xff19a8,0xa15112,0x0000,fifo
3000,W,0x05c,0xb1,0xff19a8,0xa15112,0x0000,fifo
3000,W,0x05c,0xf9,0xff19a8,0xa15112,0x7853,fifo
3000,W,0x05c,0x17,0xff19a8,0xa15112,0x01c0,fifo
3000,W,0x05c,0x34,0xff19a8,0xa15112,0x0013,fifo
3000,W,0x05c,0x52,0xff19a8,0xa15112,0xb646,fifo
3000,W,0x05c,0x6f,0xff19a8,0xa15112,0xf487,fifo
3000,W,0x05c,0x8d,0xff19a8,0xa15112,0x0000,fifo
3000,W,0x05d,0xaa,0xff19a8,0xa15112,0x0000,fifo
3000,W,0x05d,0xf3,0xff19a8,0xa15112,0x0000,fifo
3000,W,0x05d,0x11,0xff19a8,0xa15112,0x7840,fifo
3000,W,0x05d,0x2e,0xff19a8,0xa15112,0x013b,fifo
3000,W,0x05d,0x4c,0xff19a8,0xa15112,0x0008,fifo
3000,W,0x05d,0x69,0xff19a8,0xa15112,0x6051,fifo
3000,W,0x05d,0x87,0xff19a8,0xa15112,0xf389,fifo
3000,W,0x05d,0xa4,0xff19a8,0xa15112,0x0000,fifo
3000,W,0x05e,0xee,0xff19a8,0xa15112,0x0000,fifo
3000,W,0x05e,0x0a,0xff19a8,0xa15112,0x0000,fifo
3000,W,0x05e,0x27,0xff19a8,0xa15112,0x6141,fifo
3000,W,0x05e,0x46,0xff19a8,0xa15112,0x0137,fifo
3000,W,0x05e,0x62,0xff19a8,0xa15112,0x0006,fifo
3000,W,0x05e,0x81,0xff19a8,0xa15112,0x6538,fifo
3000,W,0x05e,0x9d,0xff19a8,0xa15112,0xf38a,fifo
3000,W,0x05f,0xe9,0xff19a8,0xa15112,0x0000,fifo
3000,W,0x05f,0x04,0xff19a8,0xa15112,0x0000,fifo
3000,W,0x05f,0x21,0xff19a8,0xa15112,0x0000,fifo
3000,W,0x05f,0x3f,0xff19a8,0xa15112,0x493a,fifo
3000,W,0x05f,0x5c,0xff19a8,0xa15112,0x013c,fifo
3000,W,0x05f,0x7a,0xff19a8,0xa15112,0x0003,fifo
3000,W,0x05f,0x97,0xff19a8,0xa15112,0x69f5,fifo
3000,W,0x060,0xb5,0xff19a8,0xa15112,0xf38b,fifo
3000,W,0x060,0xfe,0xff19a8,0xa15112,0x0000,fifo
3000,W,0x060,0x1b,0xff19a8,0xa15112,0x0000,fifo
3000,W,0x060,0x39,0xff19a8,0xa15112,0x0000,fifo
3000,W,0x060,0x56,0xff19a8,0xa15112,0x3819,fifo
3000,W,0x060,0x74,0xff19a8,0xa15112,0x011a,fifo
3000,W,0x060,0x91,0xff19a8,0xa15112,0x000c,fifo
3000,W,0x061,0xaf,0xff19a8,0xa15112,0x6df9,fifo
3000,W,0x061,0xf7,0xff19a8,0xa15112,0xf3c9,fifo
3000,W,0x061,0x14,0xff19a8,0xa15112,0x00c6,fifo
3000,W,0x061,0x32,0xff19a8,0xa15112,0x0000,fifo
3000,W,0x061,0x4f,0xff19a8,0xa15112,0x0000,fifo
3000,W,0x061,0x6d,0xff19a8,0xa15112,0x7847,fifo
3000,W,0x061,0x8a,0xff19a8,0xa15112,0x0132,fifo
3000,W,0x062,0xa9,0xff19a8,0xa15112,0x0008,fifo
3000,W,0x062,0xf2,0xff19a8,0xa15112,0x6c3d,fifo
3000,W,0x062,0x0e,0xff19a8,0xa15112,0xf3c9,fifo
3000,W,0x062,0x2c,0xff19a8,0xa15112,0x00a5,fifo
3000,W,0x062,0x49,0xff19a8,0xa15112,0x0000,fifo
3000,W,0x062,0x67,0xff19a8,0xa15112,0x0000,fifo
3000,W,0x062,0x84,0xff19a8,0xa15112,0x5341,fifo
3000,W,0x062,0xa2,0xff19a8,0xa15112,0x00e2,fifo
3000,W,0x063,0xed,0xff19a8,0xa15112,0x000f,fifo
3000,W,0x063,0x07,0xff19a8,0xa15112,0x6fa6,fifo
3000,W,0x063,0x26,0xff19a8,0xa15112,0xf3c9,fifo
3000,W,0x063,0x43,0xff19a8,0xa15112,0x00a5,fifo
3000,W,0x063,0x61,0xff19a8,0xa15112,0x0000,fifo
3000,W,0x063,0x7e,0xff19a8,0xa15112,0x0000,fifo
3000,W,0x063,0x9c,0xff19a8,0xa15112,0x783e,fifo
3000,W,0x064,0xe7,0xff19a8,0xa15112,0x015d,fifo
3000,W,0x064,0x01,0xff19a8,0xa15112,0x0007,fifo
3000,W,0x064,0x1f,0xff19a8,0xa15112,0x63a1,fifo
3000,W,0x064,0x3c,0xff19a8,0xa15112,0xf389,fifo
3000,W,0x064,0x5a,0xff19a8,0xa15112,0x0000,fifo
3000,W,0x064,0x77,0xff19a8,0xa15112,0x0000,fifo
3000,W,0x064,0x95,0xff19a8,0xa15112,0x0000,fifo
3000,W,0x065,0xb4,0xff19a8,0xa15112,0x613e,fifo
3000,W,0x065,0xfb,0xff19a8,0xa15112,0x0159,fifo
3000,W,0x065,0x19,0xff19a8,0xa15112,0x0008,fifo
3000,W,0x065,0x36,0xff19a8,0xa15112,0x666e,fifo
3000,W,0x065,0x54,0xff19a8,0xa15112,0xf38a,fifo
3000,W,0x065,0x71,0xff19a8,0xa15112,0x0000,fifo
3000,W,0x065,0x8f,0xff19a8,0xa15112,0x0000,fifo
3000,W,0x066,0xad,0xff19a8,0xa15112,0x0000,fifo
3000,W,0x066,0xf5,0xff19a8,0xa15112,0x4538,fifo
3000,W,0x066,0x13,0xff19a8,0xa15112,0x015c,fifo
3000,W,0x066,0x2f,0xff19a8,0xa15112,0x0003,fifo
3000,W,0x066,0x4e,0xff19a8,0xa15112,0x6a4f,fifo
3000,W,0x066,0x6a,0xff19a8,0xa15112,0xf38b,fifo
3000,W,0x066,0x89,0xff19a8,0xa15112,0x0000,fifo
3000,W,0x067,0xa7,0xff19a8,0xa15112,0x0000,fifo
3000,W,0x067,0xef,0xff19a8,0xa15112,0x0000,fifo
3000,W,0x067,0x0c,0xff19a8,0xa15112,0xffff,fifo
3000,W,0x067,0x29,0xff19a8,0xa15112,0x01ab,fifo
3000,W,0x067,0x47,0xff19a8,0xa15112,0xffff,fifo
3000,W,0x067,0x64,0xff19a8,0xa15112,0x6a22,fifo
3000,W,0x067,0x82,0xff19a8,0xa15112,0xf38b,fifo
3000,W,0x067,0xa0,0xff19a8,0xa15112,0x0000,fifo
3000,W,0x068,0xea,0xff19a8,0xa15112,0x0000,fifo
3000,W,0x068,0x06,0xff19a8,0xa15112,0x0000,fifo
3000,W,0x068,0x20,0xff19fc,0xa15112,0x5aa5,fifo
3000,W,0x068,0x35,0xff1a20,0xa15112,0xa55a,fifo
3001,W,0x02f,0x40,0xff19d8,0xa15110,0x00ec,dlen
3001,W,0x02f,0x66,0xff1908,0xa15112,0xe1ec,fifo
3001,W,0x02f,0x7a,0xff1922,0xa15112,0x0013,fifo
3001,W,0x02f,0x95,0xff1944,0xa15112,0x0000,fifo
3001,W,0x030,0xe4,0xff1944,0xa15112,0x5555,fifo
3001,W,0x030,0x01,0xff1944,0xa15112,0x0000,fifo
3001,W,0x030,0x23,0xff1944,0xa15112,0x0000,fifo
3001,W,0x030,0x44,0xff1944,0xa15112,0x0000,fifo
3001,W,0x030,0x65,0xff1944,0xa15112,0x0000,fifo
3001,W,0x030,0x87,0xff1944,0xa15112,0x0000,fifo
3001,W,0x031,0xa8,0xff1944,0xa15112,0x0000,fifo
3001,W,0x031,0xf3,0xff1944,0xa15112,0x0020,fifo
3001,W,0x031,0x15,0xff1944,0xa15112,0x0020,fifo
3001,W,0x031,0x35,0xff1944,0xa15112,0x0000,fifo
3001,W,0x031,0x57,0xff1944,0xa15112,0x0000,fifo
3001,W,0x031,0x78,0xff1944,0xa15112,0x0089,fifo
3001,W,0x031,0x99,0xff1944,0xa15112,0x0089,fifo
3001,W,0x032,0xe8,0xff1944,0xa15112,0x0000,fifo
3001,W,0x032,0x06,0xff1944,0xa15112,0x0000,fifo
3001,W,0x032,0x27,0xff1944,0xa15112,0x0000,fifo
3001,W,0x032,0x48,0xff1944,0xa15112,0x0000,fifo
3001,W,0x032,0x6a,0xff1944,0xa15112,0x0000,fifo
3001,W,0x032,0x8a,0xff1944,0xa15112,0x0000,fifo
3001,W,0x033,0xb0,0xff196e,0xa15112,0x0000,fifo
3001,W,0x033,0xfc,0xff196e,0xa15112,0x0000,fifo
3001,W,0x033,0x1d,0xff196e,0xa15112,0x0000,fifo
3001,W,0x033,0x3e,0xff196e,0xa15112,0x0000,fifo
3001,W,0x033,0x5f,0xff196e,0xa15112,0x0000,fifo
3001,W,0x033,0x81,0xff196e,0xa15112,0x0000,fifo
3001,W,0x033,0xa2,0xff196e,0xa15112,0x0000,fifo
3001,W,0x034,0xef,0xff196e,0xa15112,0x0000,fifo
3001,W,0x034,0x0f,0xff196e,0xa15112,0x0000,fifo
3001,W,0x034,0x30,0xff196e,0xa15112,0x0000,fifo
3001,W,0x034,0x51,0xff196e,0xa15112,0x0000,fifo
3001,W,0x034,0x72,0xff196e,0xa15112,0x0000,fifo
3001,W,0x034,0x94,0xff196e,0xa15112,0x0000,fifo
3001,W,0x035,0xb4,0xff196e,0xa15112,0x0000,fifo
3001,W,0x035,0x00,0xff196e,0xa15112,0x0000,fifo
3001,W,0x035,0x21,0xff196e,0xa15112,0x0000,fifo
3001,W,0x035,0x42,0xff196e,0xa15112,0x0000,fifo
3001,W,0x035,0x64,0xff196e,0xa15112,0x0000,fifo
3001,W,0x035,0x84,0xff196e,0xa15112,0x0000,fifo
3001,W,0x036,0xa6,0xff196e,0xa15112,0x0000,fifo
3001,W,0x036,0xf3,0xff196e,0xa15112,0x0000,fifo
3001,W,0x036,0x12,0xff196e,0xa15112,0x0000,fifo
3001,W,0x036,0x34,0xff196e,0xa15112,0x0000,fifo
3001,W,0x036,0x56,0xff196e,0xa15112,0x0000,fifo
3001,W,0x036,0x76,0xff196e,0xa15112,0x0000,fifo
3001,W,0x036,0x98,0xff196e,0xa15112,0x0000,fifo
3001,W,0x037,0xe6,0xff196e,0xa15112,0x0000,fifo
3001,W,0x037,0x04,0xff196e,0xa15112,0x0000,fifo
3001,W,0x037,0x26,0xff196e,0xa15112,0x0000,fifo
3001,W,0x037,0x46,0xff196e,0xa15112,0x0000,fifo
3001,W,0x037,0x68,0xff196e,0xa15112,0x0000,fifo
3001,W,0x037,0x8a,0xff196e,0xa15112,0x0000,fifo
3001,W,0x038,0xaa,0xff196e,0xa15112,0x0000,fifo
3001,W,0x038,0xf6,0xff196e,0xa15112,0x0000,fifo
3001,W,0x038,0x18,0xff196e,0xa15112,0x0000,fifo
3001,W,0x038,0x38,0xff196e,0xa15112,0x0000,fifo
3001,W,0x038,0x5a,0xff196e,0xa15112,0x0000,fifo
3001,W,0x038,0x7a,0xff196e,0xa15112,0x0000,fifo
3001,W,0x038,0x9c,0xff196e,0xa15112,0x0000,fifo
3001,W,0x039,0xea,0xff196e,0xa15112,0x0000,fifo
3001,W,0x039,0x08,0xff196e,0xa15112,0x0000,fifo
3001,W,0x039,0x2a,0xff196e,0xa15112,0x0000,fifo
3001,W,0x039,0x4b,0xff196e,0xa15112,0x0000,fifo
3001,W,0x039,0x6c,0xff196e,0xa15112,0x0000,fifo
3001,W,0x039,0x8d,0xff196e,0xa15112,0x0000,fifo
3001,W,0x03a,0xaf,0xff196e,0xa15112,0x0000,fifo
3001,W,0x03a,0xfa,0xff196e,0xa15112,0x0000,fifo
3001,W,0x03a,0x1b,0xff196e,0xa15112,0x0000,fifo
3001,W,0x03a,0x3c,0xff196e,0xa15112,0x0000,fifo
3001,W,0x03a,0x5e,0xff196e,0xa15112,0x0000,fifo
3001,W,0x03a,0x7f,0xff196e,0xa15112,0x0000,fifo
3001,W,0x03a,0xa0,0xff196e,0xa15112,0x0000,fifo
3001,W,0x03b,0xed,0xff196e,0xa15112,0x0000,fifo
3001,W,0x03b,0x0d,0xff196e,0xa15112,0x0000,fifo
3001,W,0x03b,0x2e,0xff196e,0xa15112,0x0000,fifo
3001,W,0x03b,0x4f,0xff196e,0xa15112,0x0000,fifo
3001,W,0x03b,0x71,0xff196e,0xa15112,0x0000,fifo
3001,W,0x03b,0x91,0xff196e,0xa15112,0x0000,fifo
3001,W,0x03c,0xb3,0xff196e,0xa15112,0x0000,fifo
3001,W,0x03c,0xfe,0xff196e,0xa15112,0x0000,fifo
3001,W,0x03c,0x33,0xff19a8,0xa15112,0xb878,fifo
3001,W,0x03c,0x52,0xff19a8,0xa15112,0x01d6,fifo
3001,W,0x03c,0x70,0xff19a8,0xa15112,0x0009,fifo
3001,W,0x03c,0x8d,0xff19a8,0xa15112,0x1b3f,fifo
3001,W,0x03d,0xab,0xff19a8,0xa15112,0xf380,fifo
3001,W,0x03d,0xf3,0xff19a8,0xa15112,0x0000,fifo
3001,W,0x03d,0x10,0xff19a8,0xa15112,0x0000,fifo
3001,W,0x03d,0x2d,0xff19a8,0xa15112,0x0000,fifo
3001,W,0x03d,0x4b,0xff19a8,0xa15112,0xb878,fifo
3001,W,0x03d,0x69,0xff19a8,0xa15112,0x01ae,fifo
3001,W,0x03d,0x86,0xff19a8,0xa15112,0x0009,fifo
3001,W,0x03e,0xa5,0xff19a8,0xa15112,0x1b3f,fifo
3001,W,0x03e,0xee,0xff19a8,0xa15112,0xf380,fifo
3001,W,0x03e,0x0a,0xff19a8,0xa15112,0x0000,fifo
3001,W,0x03e,0x27,0xff19a8,0xa15112,0x0000,fifo
3001,W,0x03e,0x45,0xff19a8,0xa15112,0x0000,fifo
3001,W,0x03e,0x63,0xff19a8,0xa15112,0xb878,fifo
3001,W,0x03e,0x80,0xff19a8,0xa15112,0x0186,fifo
3001,W,0x03e,0x9e,0xff19a8,0xa15112,0x0009,fifo
3001,W,0x03f,0xe8,0xff19a8,0xa15112,0x1b3f,fifo
3001,W,0x03f,0x03,0xff19a8,0xa15112,0xf380,fifo
3001,W,0x03f,0x20,0xff19a8,0xa15112,0x0000,fifo
3001,W,0x03f,0x3f,0xff19a8,0xa15112,0x0000,fifo
3001,W,0x03f,0x5d,0xff19a8,0xa15112,0x0000,fifo
3001,W,0x03f,0x7a,0xff19a8,0xa15112,0xb878,fifo
3001,W,0x03f,0x98,0xff19a8,0xa15112,0x015e,fifo
3001,W,0x040,0xb5,0xff19a8,0xa15112,0x0009,fifo
3001,W,0x040,0xfd,0xff19a8,0xa15112,0x1b3f,fifo
3001,W,0x040,0x1a,0xff19a8,0xa15112,0xf380,fifo
3001,W,0x040,0x38,0xff19a8,0xa15112,0x0000,fifo
3001,W,0x040,0x56,0xff19a8,0xa15112,0x0000,fifo
3001,W,0x040,0x73,0xff19a8,0xa15112,0x0000,fifo
3001,W,0x040,0x91,0xff19a8,0xa15112,0xb878,fifo
3001,W,0x041,0xae,0xff19a8,0xa15112,0x0136,fifo
3001,W,0x041,0xf7,0xff19a8,0xa15112,0x0009,fifo
3001,W,0x041,0x14,0xff19a8,0xa15112,0x1b3f,fifo
3001,W,0x041,0x32,0xff19a8,0xa15112,0xf380,fifo
3001,W,0x041,0x50,0xff19a8,0xa15112,0x0000,fifo
3001,W,0x041,0x6d,0xff19a8,0xa15112,0x0000,fifo
3001,W,0x041,0x8b,0xff19a8,0xa15112,0x0000,fifo
3001,W,0x042,0xa8,0xff19a8,0xa15112,0xb878,fifo
3001,W,0x042,0xf1,0xff19a8,0xa15112,0x010e,fifo
3001,W,0x042,0x0d,0xff19a8,0xa15112,0x0009,fifo
3001,W,0x042,0x2b,0xff19a8,0xa15112,0x1b3f,fifo
3001,W,0x042,0x4a,0xff19a8,0xa15112,0xf380,fifo
3001,W,0x042,0x66,0xff19a8,0xa15112,0x0000,fifo
3001,W,0x042,0x85,0xff19a8,0xa15112,0x0000,fifo
3001,W,0x042,0xa2,0xff19a8,0xa15112,0x0000,fifo
3001,W,0x043,0xec,0xff19a8,0xa15112,0xb878,fifo
3001,W,0x043,0x07,0xff19a8,0xa15112,0x00e6,fifo
3001,W,0x043,0x25,0xff19a8,0xa15112,0x0009,fifo
3001,W,0x043,0x43,0xff19a8,0xa15112,0x1b3f,fifo
3001,W,0x043,0x60,0xff19a8,0xa15112,0xf380,fifo
3001,W,0x043,0x7e,0xff19a8,0xa15112,0x0000,fifo
3001,W,0x043,0x9b,0xff19a8,0xa15112,0x0000,fifo
3001,W,0x044,0xe7,0xff19a8,0xa15112,0x0000,fifo
3001,W,0x044,0x00,0xff19a8,0xa15112,0x7839,fifo
3001,W,0x044,0x1f,0xff19a8,0xa15112,0x00f3,fifo
3001,W,0x044,0x3d,0xff19a8,0xa15112,0x0008,fifo
3001,W,0x044,0x5a,0xff19a8,0xa15112,0x0fe9,fifo
3001,W,0x044,0x78,0xff19a8,0xa15112,0xf082,fifo
3001,W,0x044,0x95,0xff19a8,0xa15112,0x0000,fifo
3001,W,0x045,0xb3,0xff19a8,0xa15112,0x0000,fifo
3001,W,0x045,0xfa,0xff19a8,0xa15112,0x0000,fifo
3001,W,0x045,0x18,0xff19a8,0xa15112,0x7853,fifo
3001,W,0x045,0x36,0xff19a8,0xa15112,0x01c0,fifo
3001,W,0x045,0x53,0xff19a8,0xa15112,0x0013,fifo
3001,W,0x045,0x72,0xff19a8,0xa15112,0xb646,fifo
3001,W,0x045,0x8e,0xff19a8,0xa15112,0xf487,fifo
3001,W,0x046,0xad,0xff19a8,0xa15112,0x0000,fifo
3001,W,0x046,0xf4,0xff19a8,0xa15112,0x0000,fifo
3001,W,0x046,0x12,0xff19a8,0xa15112,0x0000,fifo
3001,W,0x046,0x30,0xff19a8,0xa15112,0x7840,fifo
3001,W,0x046,0x4d,0xff19a8,0xa15112,0x013b,fifo
3001,W,0x046,0x6b,0xff19a8,0xa15112,0x0008,fifo
3001,W,0x046,0x88,0xff19a8,0xa15112,0x6051,fifo
3001,W,0x047,0xa6,0xff19a8,0xa15112,0xf389,fifo
3001,W,0x047,0xef,0xff19a8,0xa15112,0x0000,fifo
3001,W,0x047,0x0c,0xff19a8,0xa15112,0x0000,fifo
3001,W,0x047,0x2a,0xff19a8,0xa15112,0x0000,fifo
3001,W,0x047,0x47,0xff19a8,0xa15112,0x6141,fifo
3001,W,0x047,0x65,0xff19a8,0xa15112,0x0137,fifo
3001,W,0x047,0x82,0xff19a8,0xa15112,0x0006,fifo
3001,W,0x047,0xa0,0xff19a8,0xa15112,0x6538,fifo
3001,W,0x048,0xea,0xff19a8,0xa15112,0xf38a,fifo
3001,W,0x048,0x05,0xff19a8,0xa15112,0x0000,fifo
3001,W,0x048,0x23,0xff19a8,0xa15112,0x0000,fifo
3001,W,0x048,0x40,0xff19a8,0xa15112,0x0000,fifo
3001,W,0x048,0x5e,0xff19a8,0xa15112,0x493a,fifo
3001,W,0x048,0x7b,0xff19a8,0xa15112,0x013c,fifo
3001,W,0x048,0x99,0xff19a8,0xa15112,0x0003,fifo
3001,W,0x049,0xe4,0xff19a8,0xa15112,0x69f5,fifo
3001,W,0x049,0xff,0xff19a8,0xa15112,0xf38b,fifo
3001,W,0x049,0x1d,0xff19a8,0xa15112,0x0000,fifo
3001,W,0x049,0x3a,0xff19a8,0xa15112,0x0000,fifo
3001,W,0x049,0x58,0xff19a8,0xa15112,0x0000,fifo
3001,W,0x049,0x75,0xff19a8,0xa15112,0x3819,fifo
3001,W,0x049,0x93,0xff19a8,0xa15112,0x011a,fifo
3001,W,0x04a,0xb0,0xff19a8,0xa15112,0x000c,fifo
3001,W,0x04a,0xf8,0xff19a8,0xa15112,0x6df9,fifo
3001,W,0x04a,0x17,0xff19a8,0xa15112,0xf3c9,fifo
3001,W,0x04a,0x33,0xff19a8,0xa15112,0x00c6,fifo
3001,W,0x04a,0x52,0xff19a8,0xa15112,0x0000,fifo
3001,W,0x04a,0x6f,0xff19a8,0xa15112,0x0000,fifo
3001,W,0x04a,0x8d,0xff19a8,0xa15112,0x7847,fifo
3001,W,0x04b,0xaa,0xff19a8,0xa15112,0x0132,fifo
3001,W,0x04b,0xf3,0xff19a8,0xa15112,0x0008,fifo
3001,W,0x04b,0x10,0xff19a8,0xa15112,0x6c3d,fifo
3001,W,0x04b,0x2d,0xff19a8,0xa15112,0xf3c9,fifo
3001,W,0x04b,0x4b,0xff19a8,0xa15112,0x00a5,fifo
3001,W,0x04b,0x68,0xff19a8,0xa15112,0x0000,fifo
3001,W,0x04b,0x86,0xff19a8,0xa15112,0x0000,fifo
3001,W,0x04b,0xa3,0xff19a8,0xa15112,0x5341,fifo
3001,W,0x04c,0xee,0xff19a8,0xa15112,0x00e2,fifo
3001,W,0x04c,0x0a,0xff19a8,0xa15112,0x000f,fifo
3001,W,0x04c,0x27,0xff19a8,0xa15112,0x6fa6,fifo
3001,W,0x04c,0x45,0xff19a8,0xa15112,0xf3c9,fifo
3001,W,0x04c,0x62,0xff19a8,0xa15112,0x00a5,fifo
3001,W,0x04c,0x80,0xff19a8,0xa15112,0x0000,fifo
3001,W,0x04c,0x9d,0xff19a8,0xa15112,0x0000,fifo
3001,W,0x04d,0xe8,0xff19a8,0xa15112,0x783e,fifo
3001,W,0x04d,0x03,0xff19a8,0xa15112,0x015d,fifo
3001,W,0x04d,0x20,0xff19a8,0xa15112,0x0007,fifo
3001,W,0x04d,0x3f,0xff19a8,0xa15112,0x63a1,fifo
3001,W,0x04d,0x5b,0xff19a8,0xa15112,0xf389,fifo
3001,W,0x04d,0x7a,0xff19a8,0xa15112,0x0000,fifo
3001,W,0x04d,0x96,0xff19a8,0xa15112,0x0000,fifo
3001,W,0x04e,0xb5,0xff19a8,0xa15112,0x0000,fifo
3001,W,0x04e,0xfd,0xff19a8,0xa15112,0x613e,fifo
3001,W,0x04e,0x1a,0xff19a8,0xa15112,0x0159,fifo
3001,W,0x04e,0x38,0xff19a8,0xa15112,0x0008,fifo
3001,W,0x04e,0x55,0xff19a8,0xa15112,0x666e,fifo
3001,W,0x04e,0x73,0xff19a8,0xa15112,0xf38a,fifo
3001,W,0x04e,0x90,0xff19a8,0xa15112,0x0000,fifo
3001,W,0x04f,0xae,0xff19a8,0xa15112,0x0000,fifo
3001,W,0x04f,0xf7,0xff19a8,0xa15112,0x0000,fifo
3001,W,0x04f,0x14,0xff19a8,0xa15112,0x4538,fifo
3001,W,0x04f,0x32,0xff19a8,0xa15112,0x015c,fifo
3001,W,0x04f,0x4f,0xff19a8,0xa15112,0x0003,fifo
3001,W,0x04f,0x6d,0xff19a8,0xa15112,0x6a4f,fifo
3001,W,0x04f,0x8a,0xff19a8,0xa15112,0xf38b,fifo
3001,W,0x050,0xa8,0xff19a8,0xa15112,0x0000,fifo
3001,W,0x050,0xf1,0xff19a8,0xa15112,0x0000,fifo
3001,W,0x050,0x0d,0xff19a8,0xa15112,0x0000,fifo
3001,W,0x050,0x2b,0xff19a8,0xa15112,0xffff,fifo
3001,W,0x050,0x48,0xff19a8,0xa15112,0x01ab,fifo
3001,W,0x050,0x66,0xff19a8,0xa15112,0xffff,fifo
3001,W,0x050,0x83,0xff19a8,0xa15112,0x6a22,fifo
3001,W,0x050,0xa2,0xff19a8,0xa15112,0xf38b,fifo
3001,W,0x051,0xec,0xff19a8,0xa15112,0x0000,fifo
3001,W,0x051,0x07,0xff19a8,0xa15112,0x0000,fifo
3001,W,0x051,0x25,0xff19a8,0xa15112,0x0000,fifo
3001,W,0x051,0x3f,0xff19fc,0xa15112,0x5aa5,fifo
3001,W,0x051,0x55,0xff1a20,0xa15112,0xa55a,fifo
3002,W,0x046,0x20,0xff19d8,0xa15110,0x00ec,dlen
3002,W,0x046,0x46,0xff1908,0xa15112,0xe1ec,fifo
3002,W,0x046,0x5a,0xff1922,0xa15112,0x0013,fifo
3002,W,0x046,0x75,0xff1944,0xa15112,0x0000,fifo
3002,W,0x046,0x97,0xff1944,0xa15112,0x5555,fifo
3002,W,0x047,0xe5,0xff1944,0xa15112,0x0000,fifo
3002,W,0x047,0x03,0xff1944,0xa15112,0x0000,fifo
3002,W,0x047,0x25,0xff1944,0xa15112,0x0000,fifo
3002,W,0x047,0x45,0xff1944,0xa15112,0x0000,fifo
3002,W,0x047,0x67,0xff1944,0xa15112,0x0000,fifo
3002,W,0x047,0x88,0xff1944,0xa15112,0x0000,fifo
3002,W,0x048,0xa9,0xff1944,0xa15112,0x0020,fifo
3002,W,0x048,0xf5,0xff1944,0xa15112,0x0020,fifo
3002,W,0x048,0x15,0xff1944,0xa15112,0x0000,fifo
3002,W,0x048,0x37,0xff1944,0xa15112,0x0000,fifo
3002,W,0x048,0x58,0xff1944,0xa15112,0x0089,fifo
3002,W,0x048,0x79,0xff1944,0xa15112,0x0089,fifo
3002,W,0x048,0x9a,0xff1944,0xa15112,0x0000,fifo
3002,W,0x049,0xe9,0xff1944,0xa15112,0x0000,fifo
3002,W,0x049,0x07,0xff1944,0xa15112,0x0000,fifo
3002,W,0x049,0x28,0xff1944,0xa15112,0x0000,fifo
3002,W,0x049,0x4a,0xff1944,0xa15112,0x0000,fifo
3002,W,0x049,0x6b,0xff1944,0xa15112,0x0000,fifo
3002,W,0x049,0x91,0xff196e,0xa15112,0x0000,fifo
3002,W,0x04a,0xb2,0xff196e,0xa15112,0x0000,fifo
3002,W,0x04a,0xfd,0xff196e,0xa15112,0x0000,fifo
3002,W,0x04a,0x1f,0xff196e,0xa15112,0x0000,fifo
3002,W,0x04a,0x3f,0xff196e,0xa15112,0x0000,fifo
3002,W,0x04a,0x61,0xff196e,0xa15112,0x0000,fifo
3002,W,0x04a,0x82,0xff196e,0xa15112,0x0000,fifo
3002,W,0x04a,0xa3,0xff196e,0xa15112,0x0000,fifo
3002,W,0x04b,0xf0,0xff196e,0xa15112,0x0000,fifo
3002,W,0x04b,0x10,0xff196e,0xa15112,0x0000,fifo
3002,W,0x04b,0x31,0xff196e,0xa15112,0x0000,fifo
3002,W,0x04b,0x52,0xff196e,0xa15112,0x0000,fifo
3002,W,0x04b,0x74,0xff196e,0xa15112,0x0000,fifo
3002,W,0x04b,0x94,0xff196e,0xa15112,0x0000,fifo
3002,W,0x04c,0xe4,0xff196e,0xa15112,0x0000,fifo
3002,W,0x04c,0x01,0xff196e,0xa15112,0x0000,fifo
3002,W,0x04c,0x22,0xff196e,0xa15112,0x0000,fifo
3002,W,0x04c,0x44,0xff196e,0xa15112,0x0000,fifo
3002,W,0x04c,0x65,0xff196e,0xa15112,0x0000,fifo
3002,W,0x04c,0x86,0xff196e,0xa15112,0x0000,fifo
3002,W,0x04d,0xa8,0xff196e,0xa15112,0x0000,fifo
3002,W,0x04d,0xf3,0xff196e,0xa15112,0x0000,fifo
3002,W,0x04d,0x14,0xff196e,0xa15112,0x0000,fifo
3002,W,0x04d,0x36,0xff196e,0xa15112,0x0000,fifo
3002,W,0x04d,0x56,0xff196e,0xa15112,0x0000,fifo
3002,W,0x04d,0x78,0xff196e,0xa15112,0x0000,fifo
3002,W,0x04d,0x98,0xff196e,0xa15112,0x0000,fifo
3002,W,0x04e,0xe8,0xff196e,0xa15112,0x0000,fifo
3002,W,0x04e,0x06,0xff196e,0xa15112,0x0000,fifo
3002,W,0x04e,0x26,0xff196e,0xa15112,0x0000,fifo
3002,W,0x04e,0x48,0xff196e,0xa15112,0x0000,fifo
3002,W,0x04e,0x6a,0xff196e,0xa15112,0x0000,fifo
3002,W,0x04e,0x8a,0xff196e,0xa15112,0x0000,fifo
3002,W,0x04f,0xac,0xff196e,0xa15112,0x0000,fifo
3002,W,0x04f,0xf8,0xff196e,0xa15112,0x0000,fifo
3002,W,0x04f,0x18,0xff196e,0xa15112,0x0000,fifo
3002,W,0x04f,0x3a,0xff196e,0xa15112,0x0000,fifo
3002,W,0x04f,0x5a,0xff196e,0xa15112,0x0000,fifo
3002,W,0x04f,0x7c,0xff196e,0xa15112,0x0000,fifo
3002,W,0x04f,0x9e,0xff196e,0xa15112,0x0000,fifo
3002,W,0x050,0xeb,0xff196e,0xa15112,0x0000,fifo
3002,W,0x050,0x0a,0xff196e,0xa15112,0x0000,fifo
3002,W,0x050,0x2c,0xff196e,0xa15112,0x0000,fifo
3002,W,0x050,0x4c,0xff196e,0xa15112,0x0000,fifo
3002,W,0x050,0x6e,0xff196e,0xa15112,0x0000,fifo
3002,W,0x050,0x8f,0xff196e,0xa15112,0x0000,fifo
3002,W,0x051,0xb0,0xff196e,0xa15112,0x0000,fifo
3002,W,0x051,0xfc,0xff196e,0xa15112,0x0000,fifo
3002,W,0x051,0x1c,0xff196e,0xa15112,0x0000,fifo
3002,W,0x051,0x3e,0xff196e,0xa15112,0x0000,fifo
3002,W,0x051,0x5f,0xff196e,0xa15112,0x0000,fifo
3002,W,0x051,0x80,0xff196e,0xa15112,0x0000,fifo
3002,W,0x051,0xa1,0xff196e,0xa15112,0x0000,fifo
3002,W,0x052,0xef,0xff196e,0xa15112,0x0000,fifo
3002,W,0x052,0x0e,0xff196e,0xa15112,0x0000,fifo
3002,W,0x052,0x2f,0xff196e,0xa15112,0x0000,fifo
3002,W,0x052,0x51,0xff196e,0xa15112,0x0000,fifo
3002,W,0x052,0x71,0xff196e,0xa15112,0x0000,fifo
3002,W,0x052,0x93,0xff196e,0xa15112,0x0000,fifo
3002,W,0x053,0xb4,0xff196e,0xa15112,0x0000,fifo
3002,W,0x053,0x14,0xff19a8,0xa15112,0xb878,fifo
3002,W,0x053,0x32,0xff19a8,0xa15112,0x01d6,fifo
3002,W,0x053,0x50,0xff19a8,0xa15112,0x0009,fifo
3002,W,0x053,0x6d,0xff19a8,0xa15112,0x1b3f,fifo
3002,W,0x053,0x8b,0xff19a8,0xa15112,0xf380,fifo
3002,W,0x054,0xa8,0xff19a8,0xa15112,0x0000,fifo
3002,W,0x054,0xf1,0xff19a8,0xa15112,0x0000,fifo
3002,W,0x054,0x0d,0xff19a8,0xa15112,0x0000,fifo
3002,W,0x054,0x2b,0xff19a8,0xa15112,0xb878,fifo
3002,W,0x054,0x4a,0xff19a8,0xa15112,0x01ae,fifo
3002,W,0x054,0x66,0xff19a8,0xa15112,0x0009,fifo
3002,W,0x054,0x85,0xff19a8,0xa15112,0x1b3f,fifo
3002,W,0x054,0xa2,0xff19a8,0xa15112,0xf380,fifo
3002,W,0x055,0xec,0xff19a8,0xa15112,0x0000,fifo
3002,W,0x055,0x07,0xff19a8,0xa15112,0x0000,fifo
3002,W,0x055,0x25,0xff19a8,0xa15112,0x0000,fifo
3002,W,0x055,0x43,0xff19a8,0xa15112,0xb878,fifo
3002,W,0x055,0x60,0xff19a8,0xa15112,0x0186,fifo
3002,W,0x055,0x7e,0xff19a8,0xa15112,0x0009,fifo
3002,W,0x055,0x9b,0xff19a8,0xa15112,0x1b3f,fifo
3002,W,0x056,0xe7,0xff19a8,0xa15112,0xf380,fifo
3002,W,0x056,0x00,0xff19a8,0xa15112,0x0000,fifo
3002,W,0x056,0x1f,0xff19a8,0xa15112,0x0000,fifo
3002,W,0x056,0x3d,0xff19a8,0xa15112,0x0000,fifo
3002,W,0x056,0x5a,0xff19a8,0xa15112,0xb878,fifo
3002,W,0x056,0x78,0xff19a8,0xa15112,0x015e,fifo
3002,W,0x056,0x95,0xff19a8,0xa15112,0x0009,fifo
3002,W,0x057,0xb3,0xff19a8,0xa15112,0x1b3f,fifo
3002,W,0x057,0xfa,0xff19a8,0xa15112,0xf380,fifo
3002,W,0x057,0x18,0xff19a8,0xa15112,0x0000,fifo
3002,W,0x057,0x36,0xff19a8,0xa15112,0x0000,fifo
3002,W,0x057,0x53,0xff19a8,0xa15112,0x0000,fifo
3002,W,0x057,0x72,0xff19a8,0xa15112,0xb878,fifo
3002,W,0x057,0x8e,0xff19a8,0xa15112,0x0136,fifo
3002,W,0x058,0xad,0xff19a8,0xa15112,0x0009,fifo
3002,W,0x058,0xf4,0xff19a8,0xa15112,0x1b3f,fifo
3002,W,0x058,0x12,0xff19a8,0xa15112,0xf380,fifo
3002,W,0x058,0x30,0xff19a8,0xa15112,0x0000,fifo
3002,W,0x058,0x4d,0xff19a8,0xa15112,0x0000,fifo
3002,W,0x058,0x6b,0xff19a8,0xa15112,0x0000,fifo
3002,W,0x058,0x88,0xff19a8,0xa15112,0xb878,fifo
3002,W,0x059,0xa6,0xff19a8,0xa15112,0x010e,fifo
3002,W,0x059,0xef,0xff19a8,0xa15112,0x0009,fifo
3002,W,0x059,0x0c,0xff19a8,0xa15112,0x1b3f,fifo
3002,W,0x059,0x2a,0xff19a8,0xa15112,0xf380,fifo
3002,W,0x059,0x47,0xff19a8,0xa15112,0x0000,fifo
3002,W,0x059,0x65,0xff19a8,0xa15112,0x0000,fifo
3002,W,0x059,0x82,0xff19a8,0xa15112,0x0000,fifo
3002,W,0x059,0xa0,0xff19a8,0xa15112,0xb878,fifo
3002,W,0x05a,0xea,0xff19a8,0xa15112,0x00e6,fifo
3002,W,0x05a,0x05,0xff19a8,0xa15112,0x0009,fifo
3002,W,0x05a,0x23,0xff19a8,0xa15112,0x1b3f,fifo
3002,W,0x05a,0x40,0xff19a8,0xa15112,0xf380,fifo
3002,W,0x05a,0x5e,0xff19a8,0xa15112,0x0000,fifo
3002,W,0x05a,0x7b,0xff19a8,0xa15112,0x0000,fifo
3002,W,0x05a,0x99,0xff19a8,0xa15112,0x0000,fifo
3002,W,0x05b,0xe4,0xff19a8,0xa15112,0x7839,fifo
3002,W,0x05b,0xff,0xff19a8,0xa15112,0x00f3,fifo
3002,W,0x05b,0x1d,0xff19a8,0xa15112,0x0008,fifo
3002,W,0x05b,0x3a,0xff19a8,0xa15112,0x0fe9,fifo
3002,W,0x05b,0x58,0xff19a8,0xa15112,0xf082,fifo
3002,W,0x05b,0x75,0xff19a8,0xa15112,0x0000,fifo
3002,W,0x05b,0x93,0xff19a8,0xa15112,0x0000,fifo
3002,W,0x05c,0xb0,0xff19a8,0xa15112,0x0000,fifo
3002,W,0x05c,0xf8,0xff19a8,0xa15112,0x7853,fifo
3002,W,0x05c,0x17,0xff19a8,0xa15112,0x01c0,fifo
3002,W,0x05c,0x33,0xff19a8,0xa15112,0x0013,fifo
3002,W,0x05c,0x52,0xff19a8,0xa15112,0xb646,fifo
3002,W,0x05c,0x6f,0xff19a8,0xa15112,0xf488,fifo
3002,W,0x05c,0x8d,0xff19a8,0xa15112,0x0000,fifo
3002,W,0x05d,0xaa,0xff19a8,0xa15112,0x0000,fifo
3002,W,0x05d,0xf3,0xff19a8,0xa15112,0x0000,fifo
3002,W,0x05d,0x10,0xff19a8,0xa15112,0x7840,fifo
3002,W,0x05d,0x2d,0xff19a8,0xa15112,0x013b,fifo
3002,W,0x05d,0x4b,0xff19a8,0xa15112,0x0008,fifo
3002,W,0x05d,0x68,0xff19a8,0xa15112,0x6051,fifo
3002,W,0x05d,0x86,0xff19a8,0xa15112,0xf389,fifo
3002,W,0x05d,0xa3,0xff19a8,0xa15112,0x0000,fifo
3002,W,0x05e,0xee,0xff19a8,0xa15112,0x0000,fifo
3002,W,0x05e,0x0a,0xff19a8,0xa15112,0x0000,fifo
3002,W,0x05e,0x27,0xff19a8,0xa15112,0x6141,fifo
3002,W,0x05e,0x45,0xff19a8,0xa15112,0x0137,fifo
3002,W,0x05e,0x62,0xff19a8,0xa15112,0x0006,fifo
3002,W,0x05e,0x80,0xff19a8,0xa15112,0x6538,fifo
3002,W,0x05e,0x9d,0xff19a8,0xa15112,0xf38a,fifo
3002,W,0x05f,0xe8,0xff19a8,0xa15112,0x0000,fifo
3002,W,0x05f,0x03,0xff19a8,0xa15112,0x0000,fifo
3002,W,0x05f,0x20,0xff19a8,0xa15112,0x0000,fifo
3002,W,0x05f,0x3f,0xff19a8,0xa15112,0x493a,fifo
3002,W,0x05f,0x5b,0xff19a8,0xa15112,0x013c,fifo
3002,W,0x05f,0x7a,0xff19a8,0xa15112,0x0003,fifo
3002,W,0x05f,0x96,0xff19a8,0xa15112,0x69f5,fifo
3002,W,0x060,0xb5,0xff19a8,0xa15112,0xf38b,fifo
3002,W,0x060,0xfd,0xff19a8,0xa15112,0x0000,fifo
3002,W,0x060,0x1a,0xff19a8,0xa15112,0x0000,fifo
3002,W,0x060,0x38,0xff19a8,0xa15112,0x0000,fifo
3002,W,0x060,0x55,0xff19a8,0xa15112,0x3b1c,fifo
3002,W,0x060,0x73,0xff19a8,0xa15112,0x011a,fifo
3002,W,0x060,0x90,0xff19a8,0xa15112,0x000c,fifo
3002,W,0x061,0xae,0xff19a8,0xa15112,0x6df9,fifo
3002,W,0x061,0xf7,0xff19a8,0xa15112,0xf3c9,fifo
3002,W,0x061,0x14,0xff19a8,0xa15112,0x00a5,fifo
3002,W,0x061,0x32,0xff19a8,0xa15112,0x0000,fifo
3002,W,0x061,0x4f,0xff19a8,0xa15112,0x0000,fifo
3002,W,0x061,0x6d,0xff19a8,0xa15112,0x7d49,fifo
3002,W,0x061,0x8a,0xff19a8,0xa15112,0x0133,fifo
3002,W,0x062,0xa8,0xff19a8,0xa15112,0x0008,fifo
3002,W,0x062,0xf1,0xff19a8,0xa15112,0x6c3d,fifo
3002,W,0x062,0x0d,0xff19a8,0xa15112,0xf3c9,fifo
3002,W,0x062,0x2b,0xff19a8,0xa15112,0x0063,fifo
3002,W,0x062,0x48,0xff19a8,0xa15112,0x0000,fifo
3002,W,0x062,0x66,0xff19a8,0xa15112,0x0000,fifo
3002,W,0x062,0x83,0xff19a8,0xa15112,0x5946,fifo
3002,W,0x062,0xa2,0xff19a8,0xa15112,0x00df,fifo
3002,W,0x063,0xec,0xff19a8,0xa15112,0x000f,fifo
3002,W,0x063,0x07,0xff19a8,0xa15112,0x6fa6,fifo
3002,W,0x063,0x25,0xff19a8,0xa15112,0xf3c9,fifo
3002,W,0x063,0x42,0xff19a8,0xa15112,0x0063,fifo
3002,W,0x063,0x60,0xff19a8,0xa15112,0x0000,fifo
3002,W,0x063,0x7d,0xff19a8,0xa15112,0x0000,fifo
3002,W,0x063,0x9b,0xff19a8,0xa15112,0x783e,fifo
3002,W,0x064,0xe7,0xff19a8,0xa15112,0x015d,fifo
3002,W,0x064,0x00,0xff19a8,0xa15112,0x0007,fifo
3002,W,0x064,0x1f,0xff19a8,0xa15112,0x63a1,fifo
3002,W,0x064,0x3c,0xff19a8,0xa15112,0xf389,fifo
3002,W,0x064,0x5a,0xff19a8,0xa15112,0x0000,fifo
3002,W,0x064,0x77,0xff19a8,0xa15112,0x0000,fifo
3002,W,0x064,0x95,0xff19a8,0xa15112,0x0000,fifo
3002,W,0x065,0xb3,0xff19a8,0xa15112,0x613e,fifo
3002,W,0x065,0xfa,0xff19a8,0xa15112,0x0159,fifo
3002,W,0x065,0x18,0xff19a8,0xa15112,0x0008,fifo
3002,W,0x065,0x35,0xff19a8,0xa15112,0x666e,fifo
3002,W,0x065,0x53,0xff19a8,0xa15112,0xf38a,fifo
3002,W,0x065,0x70,0xff19a8,0xa15112,0x0000,fifo
3002,W,0x065,0x8e,0xff19a8,0xa15112,0x0000,fifo
3002,W,0x066,0xad,0xff19a8,0xa15112,0x0000,fifo
3002,W,0x066,0xf4,0xff19a8,0xa15112,0x4538,fifo
3002,W,0x066,0x12,0xff19a8,0xa15112,0x015c,fifo
3002,W,0x066,0x2f,0xff19a8,0xa15112,0x0003,fifo
3002,W,0x066,0x4d,0xff19a8,0xa15112,0x6a4f,fifo
3002,W,0x066,0x6a,0xff19a8,0xa15112,0xf38b,fifo
3002,W,0x066,0x88,0xff19a8,0xa15112,0x0000,fifo
3002,W,0x067,0xa6,0xff19a8,0xa15112,0x0000,fifo
3002,W,0x067,0xef,0xff19a8,0xa15112,0x0000,fifo
3002,W,0x067,0x0c,0xff19a8,0xa15112,0xffff,fifo
3002,W,0x067,0x28,0xff19a8,0xa15112,0x01ab,fifo
3002,W,0x067,0x47,0xff19a8,0xa15112,0xffff,fifo
3002,W,0x067,0x63,0xff19a8,0xa15112,0x6a22,fifo
3002,W,0x067,0x82,0xff19a8,0xa15112,0xf38b,fifo
3002,W,0x067,0xa0,0xff19a8,0xa15112,0x0000,fifo
3002,W,0x068,0xea,0xff19a8,0xa15112,0x0000,fifo
3002,W,0x068,0x05,0xff19a8,0xa15112,0x0000,fifo
3002,W,0x068,0x1f,0xff19fc,0xa15112,0x5aa5,fifo
3002,W,0x068,0x35,0xff1a20,0xa15112,0xa55a,fifo
3003,W,0x033,0x73,0xff19d8,0xa15110,0x00ec,dlen
3003,W,0x033,0x99,0xff1908,0xa15112,0xe1ec,fifo
3003,W,0x034,0xac,0xff1922,0xa15112,0x0013,fifo
3003,W,0x034,0xf3,0xff1944,0xa15112,0x0000,fifo
3003,W,0x034,0x13,0xff1944,0xa15112,0x5555,fifo
3003,W,0x034,0x34,0xff1944,0xa15112,0x0000,fifo
3003,W,0x034,0x55,0xff1944,0xa15112,0x0000,fifo
3003,W,0x034,0x76,0xff1944,0xa15112,0x0000,fifo
3003,W,0x034,0x98,0xff1944,0xa15112,0x0000,fifo
3003,W,0x035,0xe6,0xff1944,0xa15112,0x0000,fifo
3003,W,0x035,0x04,0xff1944,0xa15112,0x0000,fifo
3003,W,0x035,0x26,0xff1944,0xa15112,0x0020,fifo
3003,W,0x035,0x47,0xff1944,0xa15112,0x0020,fifo
3003,W,0x035,0x68,0xff1944,0xa15112,0x0000,fifo
3003,W,0x035,0x8a,0xff1944,0xa15112,0x0000,fifo
3003,W,0x036,0xaa,0xff1944,0xa15112,0x0089,fifo
3003,W,0x036,0xf6,0xff1944,0xa15112,0x0089,fifo
3003,W,0x036,0x17,0xff1944,0xa15112,0x0000,fifo
3003,W,0x036,0x38,0xff1944,0xa15112,0x0000,fifo
3003,W,0x036,0x5a,0xff1944,0xa15112,0x0000,fifo
3003,W,0x036,0x7a,0xff1944,0xa15112,0x0000,fifo
3003,W,0x036,0x9c,0xff1944,0xa15112,0x0000,fifo
3003,W,0x037,0xeb,0xff1944,0xa15112,0x0000,fifo
3003,W,0x037,0x0d,0xff196e,0xa15112,0x0000,fifo
3003,W,0x037,0x2e,0xff196e,0xa15112,0x0000,fifo
3003,W,0x037,0x50,0xff196e,0xa15112,0x0000,fifo
3003,W,0x037,0x70,0xff196e,0xa15112,0x0000,fifo
3003,W,0x037,0x92,0xff196e,0xa15112,0x0000,fifo
3003,W,0x038,0xb4,0xff196e,0xa15112,0x0000,fifo
3003,W,0x038,0xfe,0xff196e,0xa15112,0x0000,fifo
3003,W,0x038,0x20,0xff196e,0xa15112,0x0000,fifo
3003,W,0x038,0x41,0xff196e,0xa15112,0x0000,fifo
3003,W,0x038,0x62,0xff196e,0xa15112,0x0000,fifo
3003,W,0x038,0x84,0xff196e,0xa15112,0x0000,fifo
3003,W,0x038,0xa4,0xff196e,0xa15112,0x0000,fifo
3003,W,0x039,0xf1,0xff196e,0xa15112,0x0000,fifo
3003,W,0x039,0x12,0xff196e,0xa15112,0x0000,fifo
3003,W,0x039,0x32,0xff196e,0xa15112,0x0000,fifo
3003,W,0x039,0x54,0xff196e,0xa15112,0x0000,fifo
3003,W,0x039,0x76,0xff196e,0xa15112,0x0000,fifo
3003,W,0x039,0x96,0xff196e,0xa15112,0x0000,fifo
3003,W,0x03a,0xe6,0xff196e,0xa15112,0x0000,fifo
3003,W,0x03a,0x02,0xff196e,0xa15112,0x0000,fifo
3003,W,0x03a,0x24,0xff196e,0xa15112,0x0000,fifo
3003,W,0x03a,0x46,0xff196e,0xa15112,0x0000,fifo
3003,W,0x03a,0x66,0xff196e,0xa15112,0x0000,fifo
3003,W,0x03a,0x88,0xff196e,0xa15112,0x0000,fifo
3003,W,0x03b,0xa9,0xff196e,0xa15112,0x0000,fifo
3003,W,0x03b,0xf4,0xff196e,0xa15112,0x0000,fifo
3003,W,0x03b,0x16,0xff196e,0xa15112,0x0000,fifo
3003,W,0x03b,0x37,0xff196e,0xa15112,0x0000,fifo
3003,W,0x03b,0x58,0xff196e,0xa15112,0x0000,fifo
3003,W,0x03b,0x7a,0xff196e,0xa15112,0x0000,fifo
3003,W,0x03b,0x9a,0xff196e,0xa15112,0x0000,fifo
3003,W,0x03c,0xe9,0xff196e,0xa15112,0x0000,fifo
3003,W,0x03c,0x08,0xff196e,0xa15112,0x0000,fifo
3003,W,0x03c,0x28,0xff196e,0xa15112,0x0000,fifo
3003,W,0x03c,0x4a,0xff196e,0xa15112,0x0000,fifo
3003,W,0x03c,0x6b,0xff196e,0xa15112,0x0000,fifo
3003,W,0x03c,0x8c,0xff196e,0xa15112,0x0000,fifo
3003,W,0x03d,0xad,0xff196e,0xa15112,0x0000,fifo
3003,W,0x03d,0xf9,0xff196e,0xa15112,0x0000,fifo
3003,W,0x03d,0x1a,0xff196e,0xa15112,0x0000,fifo
3003,W,0x03d,0x3b,0xff196e,0xa15112,0x0000,fifo
3003,W,0x03d,0x5c,0xff196e,0xa15112,0x0000,fifo
3003,W,0x03d,0x7d,0xff196e,0xa15112,0x0000,fifo
3003,W,0x03d,0x9f,0xff196e,0xa15112,0x0000,fifo
3003,W,0x03e,0xec,0xff196e,0xa15112,0x0000,fifo
3003,W,0x03e,0x0b,0xff196e,0xa15112,0x0000,fifo
3003,W,0x03e,0x2d,0xff196e,0xa15112,0x0000,fifo
3003,W,0x03e,0x4d,0xff196e,0xa15112,0x0000,fifo
3003,W,0x03e,0x6f,0xff196e,0xa15112,0x0000,fifo
3003,W,0x03e,0x91,0xff196e,0xa15112,0x0000,fifo
3003,W,0x03f,0xb1,0xff196e,0xa15112,0x0000,fifo
3003,W,0x03f,0xfd,0xff196e,0xa15112,0x0000,fifo
3003,W,0x03f,0x1e,0xff196e,0xa15112,0x0000,fifo
3003,W,0x03f,0x3f,0xff196e,0xa15112,0x0000,fifo
3003,W,0x03f,0x61,0xff196e,0xa15112,0x0000,fifo
3003,W,0x03f,0x81,0xff196e,0xa15112,0x0000,fifo
3003,W,0x03f,0xa3,0xff196e,0xa15112,0x0000,fifo
3003,W,0x040,0xf0,0xff196e,0xa15112,0x0000,fifo
3003,W,0x040,0x0f,0xff196e,0xa15112,0x0000,fifo
3003,W,0x040,0x31,0xff196e,0xa15112,0x0000,fifo
3003,W,0x040,0x67,0xff19a8,0xa15112,0xb878,fifo
3003,W,0x040,0x85,0xff19a8,0xa15112,0x01d6,fifo
3003,W,0x040,0xa2,0xff19a8,0xa15112,0x0009,fifo
3003,W,0x041,0xec,0xff19a8,0xa15112,0x1b3f,fifo
3003,W,0x041,0x07,0xff19a8,0xa15112,0xf380,fifo
3003,W,0x041,0x25,0xff19a8,0xa15112,0x0000,fifo
3003,W,0x041,0x42,0xff19a8,0xa15112,0x0000,fifo
3003,W,0x041,0x60,0xff19a8,0xa15112,0x0000,fifo
3003,W,0x041,0x7d,0xff19a8,0xa15112,0xb878,fifo
3003,W,0x041,0x9b,0xff19a8,0xa15112,0x01ae,fifo
3003,W,0x042,0xe7,0xff19a8,0xa15112,0x0009,fifo
3003,W,0x042,0x01,0xff19a8,0xa15112,0x1b3f,fifo
3003,W,0x042,0x1f,0xff19a8,0xa15112,0xf380,fifo
3003,W,0x042,0x3c,0xff19a8,0xa15112,0x0000,fifo
3003,W,0x042,0x5a,0xff19a8,0xa15112,0x0000,fifo
3003,W,0x042,0x77,0xff19a8,0xa15112,0x0000,fifo
3003,W,0x042,0x95,0xff19a8,0xa15112,0xb878,fifo
3003,W,0x043,0xb3,0xff19a8,0xa15112,0x0186,fifo
3003,W,0x043,0xfa,0xff19a8,0xa15112,0x0009,fifo
3003,W,0x043,0x19,0xff19a8,0xa15112,0x1b3f,fifo
3003,W,0x043,0x35,0xff19a8,0xa15112,0xf380,fifo
3003,W,0x043,0x54,0xff19a8,0xa15112,0x0000,fifo
3003,W,0x043,0x71,0xff19a8,0xa15112,0x0000,fifo
3003,W,0x043,0x8f,0xff19a8,0xa15112,0x0000,fifo
3003,W,0x044,0xad,0xff19a8,0xa15112,0xb878,fifo
3003,W,0x044,0xf4,0xff19a8,0xa15112,0x015e,fifo
3003,W,0x044,0x12,0xff19a8,0xa15112,0x0009,fifo
3003,W,0x044,0x2f,0xff19a8,0xa15112,0x1b3f,fifo
3003,W,0x044,0x4d,0xff19a8,0xa15112,0xf380,fifo
3003,W,0x044,0x6a,0xff19a8,0xa15112,0x0000,fifo
3003,W,0x044,0x88,0xff19a8,0xa15112,0x0000,fifo
3003,W,0x045,0xa7,0xff19a8,0xa15112,0x0000,fifo
3003,W,0x045,0xef,0xff19a8,0xa15112,0xb878,fifo
3003,W,0x045,0x0c,0xff19a8,0xa15112,0x0136,fifo
3003,W,0x045,0x29,0xff19a8,0xa15112,0x0009,fifo
3003,W,0x045,0x47,0xff19a8,0xa15112,0x1b3f,fifo
3003,W,0x045,0x64,0xff19a8,0xa15112,0xf380,fifo
3003,W,0x045,0x82,0xff19a8,0xa15112,0x0000,fifo
3003,W,0x045,0xa0,0xff19a8,0xa15112,0x0000,fifo
3003,W,0x046,0xea,0xff19a8,0xa15112,0x0000,fifo
3003,W,0x046,0x05,0xff19a8,0xa15112,0xb878,fifo
3003,W,0x046,0x22,0xff19a8,0xa15112,0x010e,fifo
3003,W,0x046,0x41,0xff19a8,0xa15112,0x0009,fifo
3003,W,0x046,0x5d,0xff19a8,0xa15112,0x1b3f,fifo
3003,W,0x046,0x7c,0xff19a8,0xa15112,0xf380,fifo
3003,W,0x046,0x9a,0xff19a8,0xa15112,0x0000,fifo
3003,W,0x047,0xe5,0xff19a8,0xa15112,0x0000,fifo
3003,W,0x047,0xff,0xff19a8,0xa15112,0x0000,fifo
3003,W,0x047,0x1c,0xff19a8,0xa15112,0xb878,fifo
3003,W,0x047,0x3a,0xff19a8,0xa15112,0x00e6,fifo
3003,W,0x047,0x57,0xff19a8,0xa15112,0x0009,fifo
3003,W,0x047,0x75,0xff19a8,0xa15112,0x1b3f,fifo
3003,W,0x047,0x93,0xff19a8,0xa15112,0xf380,fifo
3003,W,0x048,0xb0,0xff19a8,0xa15112,0x0000,fifo
3003,W,0x048,0xf9,0xff19a8,0xa15112,0x0000,fifo
3003,W,0x048,0x16,0xff19a8,0xa15112,0x0000,fifo
3003,W,0x048,0x34,0xff19a8,0xa15112,0x7839,fifo
3003,W,0x048,0x51,0xff19a8,0xa15112,0x00f3,fifo
3003,W,0x048,0x6f,0xff19a8,0xa15112,0x0008,fifo
3003,W,0x048,0x8d,0xff19a8,0xa15112,0x0fe9,fifo
3003,W,0x049,0xaa,0xff19a8,0xa15112,0xf082,fifo
3003,W,0x049,0xf3,0xff19a8,0xa15112,0x0000,fifo
3003,W,0x049,0x0f,0xff19a8,0xa15112,0x0000,fifo
3003,W,0x049,0x2d,0xff19a8,0xa15112,0x0000,fifo
3003,W,0x049,0x4a,0xff19a8,0xa15112,0x7853,fifo
3003,W,0x049,0x68,0xff19a8,0xa15112,0x01c0,fifo
3003,W,0x049,0x87,0xff19a8,0xa15112,0x0013,fifo
3003,W,0x049,0xa4,0xff19a8,0xa15112,0xb646,fifo
3003,W,0x04a,0xee,0xff19a8,0xa15112,0xf488,fifo
3003,W,0x04a,0x09,0xff19a8,0xa15112,0x0000,fifo
3003,W,0x04a,0x27,0xff19a8,0xa15112,0x0000,fifo
3003,W,0x04a,0x44,0xff19a8,0xa15112,0x0000,fifo
3003,W,0x04a,0x62,0xff19a8,0xa15112,0x7840,fifo
3003,W,0x04a,0x80,0xff19a8,0xa15112,0x013b,fifo
3003,W,0x04a,0x9d,0xff19a8,0xa15112,0x0008,fifo
3003,W,0x04b,0xe9,0xff19a8,0xa15112,0x6051,fifo
3003,W,0x04b,0x02,0xff19a8,0xa15112,0xf389,fifo
3003,W,0x04b,0x21,0xff19a8,0xa15112,0x0000,fifo
3003,W,0x04b,0x3e,0xff19a8,0xa15112,0x0000,fifo
3003,W,0x04b,0x5c,0xff19a8,0xa15112,0x0000,fifo
3003,W,0x04b,0x7a,0xff19a8,0xa15112,0x6141,fifo
3003,W,0x04b,0x97,0xff19a8,0xa15112,0x0137,fifo
3003,W,0x04c,0xb5,0xff19a8,0xa15112,0x0006,fifo
3003,W,0x04c,0xfc,0xff19a8,0xa15112,0x6538,fifo
3003,W,0x04c,0x1a,0xff19a8,0xa15112,0xf38a,fifo
3003,W,0x04c,0x37,0xff19a8,0xa15112,0x0000,fifo
3003,W,0x04c,0x55,0xff19a8,0xa15112,0x0000,fifo
3003,W,0x04c,0x74,0xff19a8,0xa15112,0x0000,fifo
3003,W,0x04c,0x90,0xff19a8,0xa15112,0x493a,fifo
3003,W,0x04d,0xaf,0xff19a8,0xa15112,0x013c,fifo
3003,W,0x04d,0xf6,0xff19a8,0xa15112,0x0003,fifo
3003,W,0x04d,0x14,0xff19a8,0xa15112,0x69f5,fifo
3003,W,0x04d,0x31,0xff19a8,0xa15112,0xf38b,fifo
3003,W,0x04d,0x4f,0xff19a8,0xa15112,0x0000,fifo
3003,W,0x04d,0x6d,0xff19a8,0xa15112,0x0000,fifo
3003,W,0x04d,0x8a,0xff19a8,0xa15112,0x0000,fifo
3003,W,0x04e,0xa8,0xff19a8,0xa15112,0x3b1c,fifo
3003,W,0x04e,0xf1,0xff19a8,0xa15112,0x011a,fifo
3003,W,0x04e,0x0e,0xff19a8,0xa15112,0x000c,fifo
3003,W,0x04e,0x2a,0xff19a8,0xa15112,0x6df9,fifo
3003,W,0x04e,0x49,0xff19a8,0xa15112,0xf3c9,fifo
3003,W,0x04e,0x67,0xff19a8,0xa15112,0x00a5,fifo
3003,W,0x04e,0x84,0xff19a8,0xa15112,0x0000,fifo
3003,W,0x04e,0xa2,0xff19a8,0xa15112,0x0000,fifo
3003,W,0x04f,0xeb,0xff19a8,0xa15112,0x7d49,fifo
3003,W,0x04f,0x07,0xff19a8,0xa15112,0x0133,fifo
3003,W,0x04f,0x24,0xff19a8,0xa15112,0x0008,fifo
3003,W,0x04f,0x42,0xff19a8,0xa15112,0x6c3d,fifo
3003,W,0x04f,0x60,0xff19a8,0xa15112,0xf3c9,fifo
3003,W,0x04f,0x7d,0xff19a8,0xa15112,0x0063,fifo
3003,W,0x04f,0x9b,0xff19a8,0xa15112,0x0000,fifo
3003,W,0x050,0xe6,0xff19a8,0xa15112,0x0000,fifo
3003,W,0x050,0x01,0xff19a8,0xa15112,0x5946,fifo
3003,W,0x050,0x1e,0xff19a8,0xa15112,0x00df,fifo
3003,W,0x050,0x3c,0xff19a8,0xa15112,0x000f,fifo
3003,W,0x050,0x5a,0xff19a8,0xa15112,0x6fa6,fifo
3003,W,0x050,0x77,0xff19a8,0xa15112,0xf3c9,fifo
3003,W,0x050,0x95,0xff19a8,0xa15112,0x0063,fifo
3003,W,0x051,0xb2,0xff19a8,0xa15112,0x0000,fifo
3003,W,0x051,0xfa,0xff19a8,0xa15112,0x0000,fifo
3003,W,0x051,0x17,0xff19a8,0xa15112,0x783e,fifo
3003,W,0x051,0x35,0xff19a8,0xa15112,0x015d,fifo
3003,W,0x051,0x54,0xff19a8,0xa15112,0x0007,fifo
3003,W,0x051,0x71,0xff19a8,0xa15112,0x63a1,fifo
3003,W,0x051,0x8f,0xff19a8,0xa15112,0xf389,fifo
3003,W,0x052,0xac,0xff19a8,0xa15112,0x0000,fifo
3003,W,0x052,0xf4,0xff19a8,0xa15112,0x0000,fifo
3003,W,0x052,0x11,0xff19a8,0xa15112,0x0000,fifo
3003,W,0x052,0x2f,0xff19a8,0xa15112,0x613e,fifo
3003,W,0x052,0x4d,0xff19a8,0xa15112,0x0159,fifo
3003,W,0x052,0x6a,0xff19a8,0xa15112,0x0008,fifo
3003,W,0x052,0x88,0xff19a8,0xa15112,0x666e,fifo
3003,W,0x053,0xa5,0xff19a8,0xa15112,0xf38a,fifo
3003,W,0x053,0xef,0xff19a8,0xa15112,0x0000,fifo
3003,W,0x053,0x0b,0xff19a8,0xa15112,0x0000,fifo
3003,W,0x053,0x29,0xff19a8,0xa15112,0x0000,fifo
3003,W,0x053,0x47,0xff19a8,0xa15112,0x4538,fifo
3003,W,0x053,0x64,0xff19a8,0xa15112,0x015c,fifo
3003,W,0x053,0x82,0xff19a8,0xa15112,0x0003,fifo
3003,W,0x053,0x9f,0xff19a8,0xa15112,0x6a4f,fifo
3003,W,0x054,0xea,0xff19a8,0xa15112,0xf38b,fifo
3003,W,0x054,0x04,0xff19a8,0xa15112,0x0000,fifo
3003,W,0x054,0x22,0xff19a8,0xa15112,0x0000,fifo
3003,W,0x054,0x41,0xff19a8,0xa15112,0x0000,fifo
3003,W,0x054,0x5d,0xff19a8,0xa15112,0xffff,fifo
3003,W,0x054,0x7c,0xff19a8,0xa15112,0x01ab,fifo
3003,W,0x054,0x98,0xff19a8,0xa15112,0xffff,fifo
3003,W,0x055,0xe5,0xff19a8,0xa15112,0x6a22,fifo
3003,W,0x055,0xfe,0xff19a8,0xa15112,0xf38b,fifo
3003,W,0x055,0x1c,0xff19a8,0xa15112,0x0000,fifo
3003,W,0x055,0x3a,0xff19a8,0xa15112,0x0000,fifo
3003,W,0x055,0x57,0xff19a8,0xa15112,0x0000,fifo
3003,W,0x055,0x73,0xff19fc,0xa15112,0x5aa5,fifo
3003,W,0x055,0x87,0xff1a20,0xa15112,0xa55a,fifo
3004,W,0x037,0x63,0xff19d8,0xa15110,0x00ec,dlen
3004,W,0x037,0x89,0xff1908,0xa15112,0xe1ec,fifo
3004,W,0x037,0x9d,0xff1922,0xa15112,0x0013,fifo
3004,W,0x038,0xe6,0xff1944,0xa15112,0x0000,fifo
3004,W,0x038,0x04,0xff1944,0xa15112,0x5555,fifo
3004,W,0x038,0x24,0xff1944,0xa15112,0x0000,fifo
3004,W,0x038,0x46,0xff1944,0xa15112,0x0000,fifo
3004,W,0x038,0x68,0xff1944,0xa15112,0x0000,fifo
3004,W,0x038,0x88,0xff1944,0xa15112,0x0000,fifo
3004,W,0x039,0xaa,0xff1944,0xa15112,0x0000,fifo
3004,W,0x039,0xf6,0xff1944,0xa15112,0x0000,fifo
3004,W,0x039,0x16,0xff1944,0xa15112,0x0020,fifo
3004,W,0x039,0x38,0xff1944,0xa15112,0x0020,fifo
3004,W,0x039,0x58,0xff1944,0xa15112,0x0000,fifo
3004,W,0x039,0x7a,0xff1944,0xa15112,0x0000,fifo
3004,W,0x039,0x9b,0xff1944,0xa15112,0x0089,fifo
3004,W,0x03a,0xe9,0xff1944,0xa15112,0x0089,fifo
3004,W,0x03a,0x08,0xff1944,0xa15112,0x0000,fifo
3004,W,0x03a,0x29,0xff1944,0xa15112,0x0000,fifo
3004,W,0x03a,0x4a,0xff1944,0xa15112,0x0000,fifo
3004,W,0x03a,0x6b,0xff1944,0xa15112,0x0000,fifo
3004,W,0x03a,0x8d,0xff1944,0xa15112,0x0000,fifo
3004,W,0x03b,0xae,0xff1944,0xa15112,0x0000,fifo
3004,W,0x03b,0xfe,0xff196e,0xa15112,0x0000,fifo
3004,W,0x03b,0x20,0xff196e,0xa15112,0x0000,fifo
3004,W,0x03b,0x40,0xff196e,0xa15112,0x0000,fifo
3004,W,0x03b,0x62,0xff196e,0xa15112,0x0000,fifo
3004,W,0x03b,0x82,0xff196e,0xa15112,0x0000,fifo
3004,W,0x03b,0xa4,0xff196e,0xa15112,0x0000,fifo
3004,W,0x03c,0xf1,0xff196e,0xa15112,0x0000,fifo
3004,W,0x03c,0x10,0xff196e,0xa15112,0x0000,fifo
3004,W,0x03c,0x32,0xff196e,0xa15112,0x0000,fifo
3004,W,0x03c,0x53,0xff196e,0xa15112,0x0000,fifo
3004,W,0x03c,0x74,0xff196e,0xa15112,0x0000,fifo
3004,W,0x03c,0x95,0xff196e,0xa15112,0x0000,fifo
3004,W,0x03d,0xe5,0xff196e,0xa15112,0x0000,fifo
3004,W,0x03d,0x02,0xff196e,0xa15112,0x0000,fifo
3004,W,0x03d,0x23,0xff196e,0xa15112,0x0000,fifo
3004,W,0x03d,0x44,0xff196e,0xa15112,0x0000,fifo
3004,W,0x03d,0x65,0xff196e,0xa15112,0x0000,fifo
3004,W,0x03d,0x87,0xff196e,0xa15112,0x0000,fifo
3004,W,0x03e,0xa8,0xff196e,0xa15112,0x0000,fifo
3004,W,0x03e,0xf4,0xff196e,0xa15112,0x0000,fifo
3004,W,0x03e,0x15,0xff196e,0xa15112,0x0000,fifo
3004,W,0x03e,0x36,0xff196e,0xa15112,0x0000,fifo
3004,W,0x03e,0x57,0xff196e,0xa15112,0x0000,fifo
3004,W,0x03e,0x79,0xff196e,0xa15112,0x0000,fifo
3004,W,0x03e,0x99,0xff196e,0xa15112,0x0000,fifo
3004,W,0x03f,0xe8,0xff196e,0xa15112,0x0000,fifo
3004,W,0x03f,0x06,0xff196e,0xa15112,0x0000,fifo
3004,W,0x03f,0x27,0xff196e,0xa15112,0x0000,fifo
3004,W,0x03f,0x49,0xff196e,0xa15112,0x0000,fifo
3004,W,0x03f,0x69,0xff196e,0xa15112,0x0000,fifo
3004,W,0x03f,0x8b,0xff196e,0xa15112,0x0000,fifo
3004,W,0x040,0xad,0xff196e,0xa15112,0x0000,fifo
3004,W,0x040,0xf7,0xff196e,0xa15112,0x0000,fifo
3004,W,0x040,0x19,0xff196e,0xa15112,0x0000,fifo
3004,W,0x040,0x3b,0xff196e,0xa15112,0x0000,fifo
3004,W,0x040,0x5b,0xff196e,0xa15112,0x0000,fifo
3004,W,0x040,0x7d,0xff196e,0xa15112,0x0000,fifo
3004,W,0x040,0x9d,0xff196e,0xa15112,0x0000,fifo
3004,W,0x041,0xeb,0xff196e,0xa15112,0x0000,fifo
3004,W,0x041,0x0b,0xff196e,0xa15112,0x0000,fifo
3004,W,0x041,0x2b,0xff196e,0xa15112,0x0000,fifo
3004,W,0x041,0x4d,0xff196e,0xa15112,0x0000,fifo
3004,W,0x041,0x6f,0xff196e,0xa15112,0x0000,fifo
3004,W,0x041,0x8f,0xff196e,0xa15112,0x0000,fifo
3004,W,0x042,0xb1,0xff196e,0xa15112,0x0000,fifo
3004,W,0x042,0xfd,0xff196e,0xa15112,0x0000,fifo
3004,W,0x042,0x1d,0xff196e,0xa15112,0x0000,fifo
3004,W,0x042,0x3f,0xff196e,0xa15112,0x0000,fifo
3004,W,0x042,0x5f,0xff196e,0xa15112,0x0000,fifo
3004,W,0x042,0x81,0xff196e,0xa15112,0x0000,fifo
3004,W,0x042,0xa2,0xff196e,0xa15112,0x0000,fifo
3004,W,0x043,0xef,0xff196e,0xa15112,0x0000,fifo
3004,W,0x043,0x0f,0xff196e,0xa15112,0x0000,fifo
3004,W,0x043,0x30,0xff196e,0xa15112,0x0000,fifo
3004,W,0x043,0x51,0xff196e,0xa15112,0x0000,fifo
3004,W,0x043,0x72,0xff196e,0xa15112,0x0000,fifo
3004,W,0x043,0x94,0xff196e,0xa15112,0x0000,fifo
3004,W,0x044,0xb4,0xff196e,0xa15112,0x0000,fifo
3004,W,0x044,0x00,0xff196e,0xa15112,0x0000,fifo
3004,W,0x044,0x21,0xff196e,0xa15112,0x0000,fifo
3004,W,0x044,0x57,0xff19a8,0xa15112,0xb878,fifo
3004,W,0x044,0x75,0xff19a8,0xa15112,0x01d6,fifo
3004,W,0x044,0x93,0xff19a8,0xa15112,0x0009,fifo
3004,W,0x045,0xb0,0xff19a8,0xa15112,0x1b3f,fifo
3004,W,0x045,0xf8,0xff19a8,0xa15112,0xf380,fifo
3004,W,0x045,0x15,0xff19a8,0xa15112,0x0000,fifo
3004,W,0x045,0x33,0xff19a8,0xa15112,0x0000,fifo
3004,W,0x045,0x50,0xff19a8,0xa15112,0x0000,fifo
3004,W,0x045,0x6e,0xff19a8,0xa15112,0xb878,fifo
3004,W,0x045,0x8d,0xff19a8,0xa15112,0x01ae,fifo
3004,W,0x046,0xa9,0xff19a8,0xa15112,0x0009,fifo
3004,W,0x046,0xf3,0xff19a8,0xa15112,0x1b3f,fifo
3004,W,0x046,0x0f,0xff19a8,0xa15112,0xf380,fifo
3004,W,0x046,0x2d,0xff19a8,0xa15112,0x0000,fifo
3004,W,0x046,0x4a,0xff19a8,0xa15112,0x0000,fifo
3004,W,0x046,0x68,0xff19a8,0xa15112,0x0000,fifo
3004,W,0x046,0x86,0xff19a8,0xa15112,0xb878,fifo
3004,W,0x046,0xa3,0xff19a8,0xa15112,0x0186,fifo
3004,W,0x047,0xed,0xff19a8,0xa15112,0x0009,fifo
3004,W,0x047,0x08,0xff19a8,0xa15112,0x1b3f,fifo
3004,W,0x047,0x27,0xff19a8,0xa15112,0xf380,fifo
3004,W,0x047,0x43,0xff19a8,0xa15112,0x0000,fifo
3004,W,0x047,0x62,0xff19a8,0xa15112,0x0000,fifo
3004,W,0x047,0x80,0xff19a8,0xa15112,0x0000,fifo
3004,W,0x047,0x9d,0xff19a8,0xa15112,0xb878,fifo
3004,W,0x048,0xe8,0xff19a8,0xa15112,0x015e,fifo
3004,W,0x048,0x02,0xff19a8,0xa15112,0x0009,fifo
3004,W,0x048,0x20,0xff19a8,0xa15112,0x1b3f,fifo
3004,W,0x048,0x3d,0xff19a8,0xa15112,0xf380,fifo
3004,W,0x048,0x5b,0xff19a8,0xa15112,0x0000,fifo
3004,W,0x048,0x79,0xff19a8,0xa15112,0x0000,fifo
3004,W,0x048,0x96,0xff19a8,0xa15112,0x0000,fifo
3004,W,0x049,0xb5,0xff19a8,0xa15112,0xb878,fifo
3004,W,0x049,0xfc,0xff19a8,0xa15112,0x0136,fifo
3004,W,0x049,0x1a,0xff19a8,0xa15112,0x0009,fifo
3004,W,0x049,0x37,0xff19a8,0xa15112,0x1b3f,fifo
3004,W,0x049,0x55,0xff19a8,0xa15112,0xf380,fifo
3004,W,0x049,0x73,0xff19a8,0xa15112,0x0000,fifo
3004,W,0x049,0x90,0xff19a8,0xa15112,0x0000,fifo
3004,W,0x04a,0xae,0xff19a8,0xa15112,0x0000,fifo
3004,W,0x04a,0xf5,0xff19a8,0xa15112,0xb878,fifo
3004,W,0x04a,0x13,0xff19a8,0xa15112,0x010e,fifo
3004,W,0x04a,0x30,0xff19a8,0xa15112,0x0009,fifo
3004,W,0x04a,0x4f,0xff19a8,0xa15112,0x1b3f,fifo
3004,W,0x04a,0x6d,0xff19a8,0xa15112,0xf380,fifo
3004,W,0x04a,0x8a,0xff19a8,0xa15112,0x0000,fifo
3004,W,0x04b,0xa8,0xff19a8,0xa15112,0x0000,fifo
3004,W,0x04b,0xf0,0xff19a8,0xa15112,0x0000,fifo
3004,W,0x04b,0x0d,0xff19a8,0xa15112,0xb878,fifo
3004,W,0x04b,0x2a,0xff19a8,0xa15112,0x00e6,fifo
3004,W,0x04b,0x48,0xff19a8,0xa15112,0x0009,fifo
3004,W,0x04b,0x66,0xff19a8,0xa15112,0x1b3f,fifo
3004,W,0x04b,0x83,0xff19a8,0xa15112,0xf380,fifo
3004,W,0x04b,0xa1,0xff19a8,0xa15112,0x0000,fifo
3004,W,0x04c,0xeb,0xff19a8,0xa15112,0x0000,fifo
3004,W,0x04c,0x07,0xff19a8,0xa15112,0x0000,fifo
3004,W,0x04c,0x24,0xff19a8,0xa15112,0x7839,fifo
3004,W,0x04c,0x42,0xff19a8,0xa15112,0x00f3,fifo
3004,W,0x04c,0x60,0xff19a8,0xa15112,0x0008,fifo
3004,W,0x04c,0x7d,0xff19a8,0xa15112,0x0fe9,fifo
3004,W,0x04c,0x9b,0xff19a8,0xa15112,0xf082,fifo
3004,W,0x04d,0xe6,0xff19a8,0xa15112,0x0000,fifo
3004,W,0x04d,0x00,0xff19a8,0xa15112,0x0000,fifo
3004,W,0x04d,0x1d,0xff19a8,0xa15112,0x0000,fifo
3004,W,0x04d,0x3b,0xff19a8,0xa15112,0x7853,fifo
3004,W,0x04d,0x5a,0xff19a8,0xa15112,0x01c0,fifo
3004,W,0x04d,0x76,0xff19a8,0xa15112,0x0013,fifo
3004,W,0x04d,0x95,0xff19a8,0xa15112,0xb646,fifo
3004,W,0x04e,0xb2,0xff19a8,0xa15112,0xf487,fifo
3004,W,0x04e,0xfa,0xff19a8,0xa15112,0x0000,fifo
3004,W,0x04e,0x17,0xff19a8,0xa15112,0x0000,fifo
3004,W,0x04e,0x35,0xff19a8,0xa15112,0x0000,fifo
3004,W,0x04e,0x53,0xff19a8,0xa15112,0x7840,fifo
3004,W,0x04e,0x70,0xff19a8,0xa15112,0x013b,fifo
3004,W,0x04e,0x8e,0xff19a8,0xa15112,0x0008,fifo
3004,W,0x04f,0xab,0xff19a8,0xa15112,0x6051,fifo
3004,W,0x04f,0xf4,0xff19a8,0xa15112,0xf389,fifo
3004,W,0x04f,0x10,0xff19a8,0xa15112,0x0000,fifo
3004,W,0x04f,0x2f,0xff19a8,0xa15112,0x0000,fifo
3004,W,0x04f,0x4d,0xff19a8,0xa15112,0x0000,fifo
3004,W,0x04f,0x6a,0xff19a8,0xa15112,0x6141,fifo
3004,W,0x04f,0x88,0xff19a8,0xa15112,0x0137,fifo
3004,W,0x050,0xa5,0xff19a8,0xa15112,0x0006,fifo
3004,W,0x050,0xef,0xff19a8,0xa15112,0x6538,fifo
3004,W,0x050,0x0a,0xff19a8,0xa15112,0xf38a,fifo
3004,W,0x050,0x28,0xff19a8,0xa15112,0x0000,fifo
3004,W,0x050,0x46,0xff19a8,0xa15112,0x0000,fifo
3004,W,0x050,0x63,0xff19a8,0xa15112,0x0000,fifo
3004,W,0x050,0x82,0xff19a8,0xa15112,0x493a,fifo
3004,W,0x050,0x9e,0xff19a8,0xa15112,0x013c,fifo
3004,W,0x051,0xea,0xff19a8,0xa15112,0x0003,fifo
3004,W,0x051,0x04,0xff19a8,0xa15112,0x69f5,fifo
3004,W,0x051,0x22,0xff19a8,0xa15112,0xf38b,fifo
3004,W,0x051,0x40,0xff19a8,0xa15112,0x0000,fifo
3004,W,0x051,0x5d,0xff19a8,0xa15112,0x0000,fifo
3004,W,0x051,0x7b,0xff19a8,0xa15112,0x0000,fifo
3004,W,0x051,0x98,0xff19a8,0xa15112,0x3f1e,fifo
3004,W,0x052,0xe4,0xff19a8,0xa15112,0x011a,fifo
3004,W,0x052,0xfd,0xff19a8,0xa15112,0x000c,fifo
3004,W,0x052,0x1c,0xff19a8,0xa15112,0x6df9,fifo
3004,W,0x052,0x3a,0xff19a8,0xa15112,0xf3c9,fifo
3004,W,0x052,0x57,0xff19a8,0xa15112,0x0063,fifo
3004,W,0x052,0x75,0xff19a8,0xa15112,0x0000,fifo
3004,W,0x052,0x92,0xff19a8,0xa15112,0x0000,fifo
3004,W,0x053,0xb0,0xff19a8,0xa15112,0x824d,fifo
3004,W,0x053,0xf7,0xff19a8,0xa15112,0x0134,fifo
3004,W,0x053,0x15,0xff19a8,0xa15112,0x0008,fifo
3004,W,0x053,0x33,0xff19a8,0xa15112,0x6c3d,fifo
3004,W,0x053,0x50,0xff19a8,0xa15112,0xf3c9,fifo
3004,W,0x053,0x6e,0xff19a8,0xa15112,0x0042,fifo
3004,W,0x053,0x8b,0xff19a8,0xa15112,0x0000,fifo
3004,W,0x054,0xa9,0xff19a8,0xa15112,0x0000,fifo
3004,W,0x054,0xf2,0xff19a8,0xa15112,0x5f4c,fifo
3004,W,0x054,0x0f,0xff19a8,0xa15112,0x00dc,fifo
3004,W,0x054,0x2d,0xff19a8,0xa15112,0x000f,fifo
3004,W,0x054,0x4a,0xff19a8,0xa15112,0x6fa6,fifo
3004,W,0x054,0x68,0xff19a8,0xa15112,0xf3c9,fifo
3004,W,0x054,0x85,0xff19a8,0xa15112,0x0042,fifo
3004,W,0x054,0xa3,0xff19a8,0xa15112,0x0000,fifo
3004,W,0x055,0xec,0xff19a8,0xa15112,0x0000,fifo
3004,W,0x055,0x08,0xff19a8,0xa15112,0x783e,fifo
3004,W,0x055,0x27,0xff19a8,0xa15112,0x015c,fifo
3004,W,0x055,0x43,0xff19a8,0xa15112,0x0007,fifo
3004,W,0x055,0x62,0xff19a8,0xa15112,0x63a1,fifo
3004,W,0x055,0x7f,0xff19a8,0xa15112,0xf389,fifo
3004,W,0x055,0x9d,0xff19a8,0xa15112,0x0000,fifo
3004,W,0x056,0xe7,0xff19a8,0xa15112,0x0000,fifo
3004,W,0x056,0x02,0xff19a8,0xa15112,0x0000,fifo
3004,W,0x056,0x20,0xff19a8,0xa15112,0x613e,fifo
3004,W,0x056,0x3d,0xff19a8,0xa15112,0x0158,fifo
3004,W,0x056,0x5b,0xff19a8,0xa15112,0x0008,fifo
3004,W,0x056,0x78,0xff19a8,0xa15112,0x666e,fifo
3004,W,0x056,0x96,0xff19a8,0xa15112,0xf38a,fifo
3004,W,0x057,0xb3,0xff19a8,0xa15112,0x0000,fifo
3004,W,0x057,0xfc,0xff19a8,0xa15112,0x0000,fifo
3004,W,0x057,0x1a,0xff19a8,0xa15112,0x0000,fifo
3004,W,0x057,0x37,0xff19a8,0xa15112,0x4538,fifo
3004,W,0x057,0x55,0xff19a8,0xa15112,0x015b,fifo
3004,W,0x057,0x72,0xff19a8,0xa15112,0x0003,fifo
3004,W,0x057,0x90,0xff19a8,0xa15112,0x6a4f,fifo
3004,W,0x058,0xad,0xff19a8,0xa15112,0xf38b,fifo
3004,W,0x058,0xf5,0xff19a8,0xa15112,0x0000,fifo
3004,W,0x058,0x13,0xff19a8,0xa15112,0x0000,fifo
3004,W,0x058,0x30,0xff19a8,0xa15112,0x0000,fifo
3004,W,0x058,0x4f,0xff19a8,0xa15112,0xffff,fifo
3004,W,0x058,0x6b,0xff19a8,0xa15112,0x01ab,fifo
3004,W,0x058,0x8a,0xff19a8,0xa15112,0xffff,fifo
3004,W,0x059,0xa6,0xff19a8,0xa15112,0x6a22,fifo
3004,W,0x059,0xf0,0xff19a8,0xa15112,0xf38b,fifo
3004,W,0x059,0x0d,0xff19a8,0xa15112,0x0000,fifo
3004,W,0x059,0x2a,0xff19a8,0xa15112,0x0000,fifo
3004,W,0x059,0x48,0xff19a8,0xa15112,0x0000,fifo
3004,W,0x059,0x62,0xff19fc,0xa15112,0x5aa5,fifo
3004,W,0x059,0x78,0xff1a20,0xa15112,0xa55a,fifo
3005,W,0x03a,0x4b,0xff19d8,0xa15110,0x00ec,dlen
3005,W,0x03a,0x71,0xff1908,0xa15112,0xe1ec,fifo
3005,W,0x03a,0x85,0xff1922,0xa15112,0x0013,fifo
3005,W,0x03a,0xa0,0xff1944,0xa15112,0x0000,fifo
3005,W,0x03b,0xed,0xff1944,0xa15112,0x5555,fifo
3005,W,0x03b,0x0c,0xff1944,0xa15112,0x0000,fifo
3005,W,0x03b,0x2e,0xff1944,0xa15112,0x0000,fifo
3005,W,0x03b,0x4f,0xff1944,0xa15112,0x0000,fifo
3005,W,0x03b,0x70,0xff1944,0xa15112,0x0000,fifo
3005,W,0x03b,0x91,0xff1944,0xa15112,0x0000,fifo
3005,W,0x03c,0xb3,0xff1944,0xa15112,0x0000,fifo
3005,W,0x03c,0xfe,0xff1944,0xa15112,0x0020,fifo
3005,W,0x03c,0x1f,0xff1944,0xa15112,0x0020,fifo
3005,W,0x03c,0x40,0xff1944,0xa15112,0x0000,fifo
3005,W,0x03c,0x61,0xff1944,0xa15112,0x0000,fifo
3005,W,0x03c,0x83,0xff1944,0xa15112,0x0089,fifo
3005,W,0x03c,0xa4,0xff1944,0xa15112,0x0089,fifo
3005,W,0x03d,0xf1,0xff1944,0xa15112,0x0000,fifo
3005,W,0x03d,0x11,0xff1944,0xa15112,0x0000,fifo
3005,W,0x03d,0x32,0xff1944,0xa15112,0x0000,fifo
3005,W,0x03d,0x53,0xff1944,0xa15112,0x0000,fifo
3005,W,0x03d,0x75,0xff1944,0xa15112,0x0000,fifo
3005,W,0x03d,0x95,0xff1944,0xa15112,0x0000,fifo
3005,W,0x03e,0xe9,0xff196e,0xa15112,0x0000,fifo
3005,W,0x03e,0x07,0xff196e,0xa15112,0x0000,fifo
3005,W,0x03e,0x28,0xff196e,0xa15112,0x0000,fifo
3005,W,0x03e,0x49,0xff196e,0xa15112,0x0000,fifo
3005,W,0x03e,0x6a,0xff196e,0xa15112,0x0000,fifo
3005,W,0x03e,0x8b,0xff196e,0xa15112,0x0000,fifo
3005,W,0x03f,0xad,0xff196e,0xa15112,0x0000,fifo
3005,W,0x03f,0xf8,0xff196e,0xa15112,0x0000,fifo
3005,W,0x03f,0x19,0xff196e,0xa15112,0x0000,fifo
3005,W,0x03f,0x3b,0xff196e,0xa15112,0x0000,fifo
3005,W,0x03f,0x5b,0xff196e,0xa15112,0x0000,fifo
3005,W,0x03f,0x7d,0xff196e,0xa15112,0x0000,fifo
3005,W,0x03f,0x9f,0xff196e,0xa15112,0x0000,fifo
3005,W,0x040,0xec,0xff196e,0xa15112,0x0000,fifo
3005,W,0x040,0x0b,0xff196e,0xa15112,0x0000,fifo
3005,W,0x040,0x2c,0xff196e,0xa15112,0x0000,fifo
3005,W,0x040,0x4d,0xff196e,0xa15112,0x0000,fifo
3005,W,0x040,0x6f,0xff196e,0xa15112,0x0000,fifo
3005,W,0x040,0x8f,0xff196e,0xa15112,0x0000,fifo
3005,W,0x041,0xb1,0xff196e,0xa15112,0x0000,fifo
3005,W,0x041,0xfd,0xff196e,0xa15112,0x0000,fifo
3005,W,0x041,0x1d,0xff196e,0xa15112,0x0000,fifo
3005,W,0x041,0x3f,0xff196e,0xa15112,0x0000,fifo
3005,W,0x041,0x61,0xff196e,0xa15112,0x0000,fifo
3005,W,0x041,0x81,0xff196e,0xa15112,0x0000,fifo
3005,W,0x041,0xa3,0xff196e,0xa15112,0x0000,fifo
3005,W,0x042,0xef,0xff196e,0xa15112,0x0000,fifo
3005,W,0x042,0x0f,0xff196e,0xa15112,0x0000,fifo
3005,W,0x042,0x31,0xff196e,0xa15112,0x0000,fifo
3005,W,0x042,0x51,0xff196e,0xa15112,0x0000,fifo
3005,W,0x042,0x73,0xff196e,0xa15112,0x0000,fifo
3005,W,0x042,0x94,0xff196e,0xa15112,0x0000,fifo
3005,W,0x043,0xb5,0xff196e,0xa15112,0x0000,fifo
3005,W,0x043,0x01,0xff196e,0xa15112,0x0000,fifo
3005,W,0x043,0x22,0xff196e,0xa15112,0x0000,fifo
3005,W,0x043,0x43,0xff196e,0xa15112,0x0000,fifo
3005,W,0x043,0x65,0xff196e,0xa15112,0x0000,fifo
3005,W,0x043,0x85,0xff196e,0xa15112,0x0000,fifo
3005,W,0x044,0xa7,0xff196e,0xa15112,0x0000,fifo
3005,W,0x044,0xf3,0xff196e,0xa15112,0x0000,fifo
3005,W,0x044,0x13,0xff196e,0xa15112,0x0000,fifo
3005,W,0x044,0x35,0xff196e,0xa15112,0x0000,fifo
3005,W,0x044,0x56,0xff196e,0xa15112,0x0000,fifo
3005,W,0x044,0x77,0xff196e,0xa15112,0x0000,fifo
3005,W,0x044,0x98,0xff196e,0xa15112,0x0000,fifo
3005,W,0x045,0xe8,0xff196e,0xa15112,0x0000,fifo
3005,W,0x045,0x05,0xff196e,0xa15112,0x0000,fifo
3005,W,0x045,0x26,0xff196e,0xa15112,0x0000,fifo
3005,W,0x045,0x47,0xff196e,0xa15112,0x0000,fifo
3005,W,0x045,0x68,0xff196e,0xa15112,0x0000,fifo
3005,W,0x045,0x8a,0xff196e,0xa15112,0x0000,fifo
3005,W,0x046,0xaa,0xff196e,0xa15112,0x0000,fifo
3005,W,0x046,0xf6,0xff196e,0xa15112,0x0000,fifo
3005,W,0x046,0x18,0xff196e,0xa15112,0x0000,fifo
3005,W,0x046,0x38,0xff196e,0xa15112,0x0000,fifo
3005,W,0x046,0x5a,0xff196e,0xa15112,0x0000,fifo
3005,W,0x046,0x7c,0xff196e,0xa15112,0x0000,fifo
3005,W,0x046,0x9c,0xff196e,0xa15112,0x0000,fifo
3005,W,0x047,0xeb,0xff196e,0xa15112,0x0000,fifo
3005,W,0x047,0x09,0xff196e,0xa15112,0x0000,fifo
3005,W,0x047,0x3e,0xff19a8,0xa15112,0xb878,fifo
3005,W,0x047,0x5d,0xff19a8,0xa15112,0x01d6,fifo
3005,W,0x047,0x7b,0xff19a8,0xa15112,0x0009,fifo
3005,W,0x047,0x98,0xff19a8,0xa15112,0x1b3f,fifo
3005,W,0x048,0xe4,0xff19a8,0xa15112,0xf380,fifo
3005,W,0x048,0xfd,0xff19a8,0xa15112,0x0000,fifo
3005,W,0x048,0x1b,0xff19a8,0xa15112,0x0000,fifo
3005,W,0x048,0x38,0xff19a8,0xa15112,0x0000,fifo
3005,W,0x048,0x56,0xff19a8,0xa15112,0xb878,fifo
3005,W,0x048,0x74,0xff19a8,0xa15112,0x01ae,fifo
3005,W,0x048,0x91,0xff19a8,0xa15112,0x0009,fifo
3005,W,0x049,0xaf,0xff19a8,0xa15112,0x1b3f,fifo
3005,W,0x049,0xf7,0xff19a8,0xa15112,0xf380,fifo
3005,W,0x049,0x15,0xff19a8,0xa15112,0x0000,fifo
3005,W,0x049,0x32,0xff19a8,0xa15112,0x0000,fifo
3005,W,0x049,0x50,0xff19a8,0xa15112,0x0000,fifo
3005,W,0x049,0x6e,0xff19a8,0xa15112,0xb878,fifo
3005,W,0x049,0x8b,0xff19a8,0xa15112,0x0186,fifo
3005,W,0x04a,0xa9,0xff19a8,0xa15112,0x0009,fifo
3005,W,0x04a,0xf1,0xff19a8,0xa15112,0x1b3f,fifo
3005,W,0x04a,0x0e,0xff19a8,0xa15112,0xf380,fifo
3005,W,0x04a,0x2b,0xff19a8,0xa15112,0x0000,fifo
3005,W,0x04a,0x49,0xff19a8,0xa15112,0x0000,fifo
3005,W,0x04a,0x68,0xff19a8,0xa15112,0x0000,fifo
3005,W,0x04a,0x84,0xff19a8,0xa15112,0xb878,fifo
3005,W,0x04a,0xa3,0xff19a8,0xa15112,0x015e,fifo
3005,W,0x04b,0xec,0xff19a8,0xa15112,0x0009,fifo
3005,W,0x04b,0x08,0xff19a8,0xa15112,0x1b3f,fifo
3005,W,0x04b,0x25,0xff19a8,0xa15112,0xf380,fifo
3005,W,0x04b,0x43,0xff19a8,0xa15112,0x0000,fifo
3005,W,0x04b,0x61,0xff19a8,0xa15112,0x0000,fifo
3005,W,0x04b,0x7e,0xff19a8,0xa15112,0x0000,fifo
3005,W,0x04b,0x9c,0xff19a8,0xa15112,0xb878,fifo
3005,W,0x04c,0xe7,0xff19a8,0xa15112,0x0136,fifo
3005,W,0x04c,0x02,0xff19a8,0xa15112,0x0009,fifo
3005,W,0x04c,0x1e,0xff19a8,0xa15112,0x1b3f,fifo
3005,W,0x04c,0x3d,0xff19a8,0xa15112,0xf380,fifo
3005,W,0x04c,0x5b,0xff19a8,0xa15112,0x0000,fifo
3005,W,0x04c,0x78,0xff19a8,0xa15112,0x0000,fifo
3005,W,0x04c,0x96,0xff19a8,0xa15112,0x0000,fifo
3005,W,0x04d,0xb3,0xff19a8,0xa15112,0xb878,fifo
3005,W,0x04d,0xfb,0xff19a8,0xa15112,0x010e,fifo
3005,W,0x04d,0x18,0xff19a8,0xa15112,0x0009,fifo
3005,W,0x04d,0x36,0xff19a8,0xa15112,0x1b3f,fifo
3005,W,0x04d,0x54,0xff19a8,0xa15112,0xf380,fifo
3005,W,0x04d,0x71,0xff19a8,0xa15112,0x0000,fifo
3005,W,0x04d,0x90,0xff19a8,0xa15112,0x0000,fifo
3005,W,0x04e,0xac,0xff19a8,0xa15112,0x0000,fifo
3005,W,0x04e,0xf5,0xff19a8,0xa15112,0xb878,fifo
3005,W,0x04e,0x12,0xff19a8,0xa15112,0x00e6,fifo
3005,W,0x04e,0x30,0xff19a8,0xa15112,0x0009,fifo
3005,W,0x04e,0x4e,0xff19a8,0xa15112,0x1b3f,fifo
3005,W,0x04e,0x6b,0xff19a8,0xa15112,0xf380,fifo
3005,W,0x04e,0x89,0xff19a8,0xa15112,0x0000,fifo
3005,W,0x04f,0xa6,0xff19a8,0xa15112,0x0000,fifo
3005,W,0x04f,0xf0,0xff19a8,0xa15112,0x0000,fifo
3005,W,0x04f,0x0b,0xff19a8,0xa15112,0x7839,fifo
3005,W,0x04f,0x2a,0xff19a8,0xa15112,0x00f3,fifo
3005,W,0x04f,0x48,0xff19a8,0xa15112,0x0008,fifo
3005,W,0x04f,0x65,0xff19a8,0xa15112,0x0fe9,fifo
3005,W,0x04f,0x83,0xff19a8,0xa15112,0xf082,fifo
3005,W,0x04f,0xa0,0xff19a8,0xa15112,0x0000,fifo
3005,W,0x050,0xeb,0xff19a8,0xa15112,0x0000,fifo
3005,W,0x050,0x05,0xff19a8,0xa15112,0x0000,fifo
3005,W,0x050,0x23,0xff19a8,0xa15112,0x7853,fifo
3005,W,0x050,0x41,0xff19a8,0xa15112,0x01c0,fifo
3005,W,0x050,0x5e,0xff19a8,0xa15112,0x0013,fifo
3005,W,0x050,0x7c,0xff19a8,0xa15112,0xb646,fifo
3005,W,0x050,0x99,0xff19a8,0xa15112,0xf487,fifo
3005,W,0x051,0xe5,0xff19a8,0xa15112,0x0000,fifo
3005,W,0x051,0xff,0xff19a8,0xa15112,0x0000,fifo
3005,W,0x051,0x1d,0xff19a8,0xa15112,0x0000,fifo
3005,W,0x051,0x3b,0xff19a8,0xa15112,0x7840,fifo
3005,W,0x051,0x58,0xff19a8,0xa15112,0x013b,fifo
3005,W,0x051,0x76,0xff19a8,0xa15112,0x0008,fifo
3005,W,0x051,0x93,0xff19a8,0xa15112,0x6051,fifo
3005,W,0x052,0xb1,0xff19a8,0xa15112,0xf389,fifo
3005,W,0x052,0xf8,0xff19a8,0xa15112,0x0000,fifo
3005,W,0x052,0x16,0xff19a8,0xa15112,0x0000,fifo
3005,W,0x052,0x35,0xff19a8,0xa15112,0x0000,fifo
3005,W,0x052,0x51,0xff19a8,0xa15112,0x6141,fifo
3005,W,0x052,0x70,0xff19a8,0xa15112,0x0137,fifo
3005,W,0x052,0x8d,0xff19a8,0xa15112,0x0006,fifo
3005,W,0x053,0xab,0xff19a8,0xa15112,0x6538,fifo
3005,W,0x053,0xf3,0xff19a8,0xa15112,0xf38a,fifo
3005,W,0x053,0x10,0xff19a8,0xa15112,0x0000,fifo
3005,W,0x053,0x2e,0xff19a8,0xa15112,0x0000,fifo
3005,W,0x053,0x4b,0xff19a8,0xa15112,0x0000,fifo
3005,W,0x053,0x69,0xff19a8,0xa15112,0x493a,fifo
3005,W,0x053,0x86,0xff19a8,0xa15112,0x013c,fifo
3005,W,0x053,0xa4,0xff19a8,0xa15112,0x0003,fifo
3005,W,0x054,0xed,0xff19a8,0xa15112,0x69f5,fifo
3005,W,0x054,0x0a,0xff19a8,0xa15112,0xf38b,fifo
3005,W,0x054,0x28,0xff19a8,0xa15112,0x0000,fifo
3005,W,0x054,0x45,0xff19a8,0xa15112,0x0000,fifo
3005,W,0x054,0x63,0xff19a8,0xa15112,0x0000,fifo
3005,W,0x054,0x80,0xff19a8,0xa15112,0x3f1e,fifo
3005,W,0x054,0x9e,0xff19a8,0xa15112,0x011a,fifo
3005,W,0x055,0xe8,0xff19a8,0xa15112,0x000c,fifo
3005,W,0x055,0x03,0xff19a8,0xa15112,0x6df9,fifo
3005,W,0x055,0x21,0xff19a8,0xa15112,0xf3c9,fifo
3005,W,0x055,0x3e,0xff19a8,0xa15112,0x0063,fifo
3005,W,0x055,0x5d,0xff19a8,0xa15112,0x0000,fifo
3005,W,0x055,0x79,0xff19a8,0xa15112,0x0000,fifo
3005,W,0x055,0x98,0xff19a8,0xa15112,0x824d,fifo
3005,W,0x056,0xb4,0xff19a8,0xa15112,0x0134,fifo
3005,W,0x056,0xfd,0xff19a8,0xa15112,0x0008,fifo
3005,W,0x056,0x1b,0xff19a8,0xa15112,0x6c3d,fifo
3005,W,0x056,0x38,0xff19a8,0xa15112,0xf3c9,fifo
3005,W,0x056,0x56,0xff19a8,0xa15112,0x0042,fifo
3005,W,0x056,0x73,0xff19a8,0xa15112,0x0000,fifo
3005,W,0x056,0x91,0xff19a8,0xa15112,0x0000,fifo
3005,W,0x057,0xae,0xff19a8,0xa15112,0x5f4c,fifo
3005,W,0x057,0xf7,0xff19a8,0xa15112,0x00dc,fifo
3005,W,0x057,0x15,0xff19a8,0xa15112,0x000f,fifo
3005,W,0x057,0x32,0xff19a8,0xa15112,0x6fa6,fifo
3005,W,0x057,0x50,0xff19a8,0xa15112,0xf3c9,fifo
3005,W,0x057,0x6d,0xff19a8,0xa15112,0x0042,fifo
3005,W,0x057,0x8b,0xff19a8,0xa15112,0x0000,fifo
3005,W,0x058,0xa8,0xff19a8,0xa15112,0x0000,fifo
3005,W,0x058,0xf1,0xff19a8,0xa15112,0x783e,fifo
3005,W,0x058,0x0e,0xff19a8,0xa15112,0x015c,fifo
3005,W,0x058,0x2b,0xff19a8,0xa15112,0x0007,fifo
3005,W,0x058,0x49,0xff19a8,0xa15112,0x63a1,fifo
3005,W,0x058,0x66,0xff19a8,0xa15112,0xf389,fifo
3005,W,0x058,0x84,0xff19a8,0xa15112,0x0000,fifo
3005,W,0x058,0xa1,0xff19a8,0xa15112,0x0000,fifo
3005,W,0x059,0xec,0xff19a8,0xa15112,0x0000,fifo
3005,W,0x059,0x08,0xff19a8,0xa15112,0x613e,fifo
3005,W,0x059,0x25,0xff19a8,0xa15112,0x0158,fifo
3005,W,0x059,0x43,0xff19a8,0xa15112,0x0008,fifo
3005,W,0x059,0x60,0xff19a8,0xa15112,0x666e,fifo
3005,W,0x059,0x7e,0xff19a8,0xa15112,0xf38a,fifo
3005,W,0x059,0x9b,0xff19a8,0xa15112,0x0000,fifo
3005,W,0x05a,0xe7,0xff19a8,0xa15112,0x0000,fifo
3005,W,0x05a,0x02,0xff19a8,0xa15112,0x0000,fifo
3005,W,0x05a,0x1e,0xff19a8,0xa15112,0x4538,fifo
3005,W,0x05a,0x3d,0xff19a8,0xa15112,0x015b,fifo
3005,W,0x05a,0x5a,0xff19a8,0xa15112,0x0003,fifo
3005,W,0x05a,0x78,0xff19a8,0xa15112,0x6a4f,fifo
3005,W,0x05a,0x95,0xff19a8,0xa15112,0xf38b,fifo
3005,W,0x05b,0xb3,0xff19a8,0xa15112,0x0000,fifo
3005,W,0x05b,0xfb,0xff19a8,0xa15112,0x0000,fifo
3005,W,0x05b,0x18,0xff19a8,0xa15112,0x0000,fifo
3005,W,0x05b,0x36,0xff19a8,0xa15112,0xffff,fifo
3005,W,0x05b,0x53,0xff19a8,0xa15112,0x01ab,fifo
3005,W,0x05b,0x71,0xff19a8,0xa15112,0xffff,fifo
3005,W,0x05b,0x8e,0xff19a8,0xa15112,0x6a22,fifo
3005,W,0x05c,0xac,0xff19a8,0xa15112,0xf38b,fifo
3005,W,0x05c,0xf5,0xff19a8,0xa15112,0x0000,fifo
3005,W,0x05c,0x12,0xff19a8,0xa15112,0x0000,fifo
3005,W,0x05c,0x30,0xff19a8,0xa15112,0x0000,fifo
3005,W,0x05c,0x4a,0xff19fc,0xa15112,0x5aa5,fifo
3005,W,0x05c,0x60,0xff1a20,0xa15112,0xa55a,fifo
