key,bank,addr,pitch,flip,height,rows_walked,words,bytes,native,zoomed_seen,count,first_frame,w0,w1,w2,w3,w4,w5,w6,w7
3_1B3F_0009_040,3,0x1B3F,9,0,64,64,576,1224,1,0,12503,1399,0xE0A0,0x01E7,0x0009,0x1B3F,0xF380,0x0000,0x0000,0x1D87
4_B646_0013_025,4,0xB646,19,0,37,37,683,1411,1,0,3206,999,0xB893,0x01F5,0x0013,0xB646,0xF487,0x0000,0x0000,0xB917
3_69F5_0003_00F,3,0x69F5,3,0,15,15,39,101,1,0,1975,1002,0xC3B4,0x0161,0x0003,0x69F5,0xF38B,0x0000,0x0000,0x6A23
3_6538_0006_020,3,0x6538,6,0,32,32,170,380,1,0,1969,1002,0xDBBB,0x015D,0x0006,0x6538,0xF38A,0x0000,0x0000,0x65F9
3_77E6_0108_03D,3,0x77E6,8,1,61,61,432,933,1,0,1595,3669,0xB87B,0x00FE,0x0108,0x77E6,0xF38F,0x0000,0x0000,0x79C8
3_6212_0007_039,3,0x6212,7,0,57,57,342,749,1,0,1522,1034,0xB87F,0x0156,0x0007,0x6212,0xF389,0x0000,0x0000,0x63A7
3_65FA_0004_01E,3,0x65FA,4,0,30,30,100,238,1,0,1421,1034,0xA082,0x0156,0x0004,0x65FA,0xF38A,0x0000,0x0000,0x6673
3_6A22_0003_00F,3,0x6A22,3,0,15,15,39,101,1,0,1421,1034,0x8879,0x0154,0x0003,0x6A22,0xF38B,0x0000,0x0000,0x6A50
0_11D9_0010_03E,0,0x11D9,16,0,62,62,526,1122,1,0,1295,1007,0xB87A,0x010D,0x0010,0x11D9,0xF082,0x0000,0x0000,0x15C0
3_6051_0008_038,3,0x6051,8,0,56,56,364,792,1,0,1210,1007,0xDEA6,0x0160,0x0008,0x6051,0xF389,0x0000,0x0000,0x6218
3_77DF_0008_03D,3,0x77DF,8,0,61,61,461,991,1,0,1159,1743,0x8649,0x01F5,0x0008,0x77DF,0xF38F,0x0000,0x0000,0x79CE
3_63A1_0007_03A,3,0x63A1,7,0,58,58,353,772,1,0,1110,1050,0xB87E,0x014C,0x0007,0x63A1,0xF389,0x0000,0x0000,0x653D
0_0FE9_0008_03F,0,0x0FE9,8,0,63,63,398,867,1,0,1099,845,0xB879,0x010A,0x0008,0x0FE9,0xF082,0x0000,0x0000,0x11E7
3_666E_0008_023,3,0x666E,8,0,35,35,180,403,1,0,1082,1050,0xA17E,0x0148,0x0008,0x666E,0xF38A,0x0000,0x0000,0x6787
3_6A4F_0003_00D,3,0x6A4F,3,0,13,13,35,91,1,0,1082,1050,0x8578,0x014B,0x0003,0x6A4F,0xF38B,0x0000,0x0000,0x6A77
3_6051_0008_025,3,0x6051,8,0,37,37,224,493,1,0,906,2155,0xE0BB,0x0191,0x0008,0x6051,0xF389,0x0000,0x0000,0x617E
3_7E9F_0105_011,3,0x7E9F,5,1,17,17,78,181,1,0,901,3556,0x1706,0x00E3,0x0105,0x7E9F,0xF390,0x0000,0x0000,0x7EF1
3_7EF4_0105_012,3,0x7EF4,5,1,18,18,82,190,1,0,899,3561,0x4230,0x00E7,0x0105,0x7EF4,0xF390,0x0000,0x0000,0x7F4B
3_7E04_0105_00F,3,0x7E04,5,1,15,15,70,163,1,0,810,3663,0x9586,0x00FD,0x0105,0x7E04,0xF390,0x0000,0x0000,0x7E4C
3_7EF0_0005_012,3,0x7EF0,5,0,18,18,75,176,1,0,788,1755,0x9E8C,0x01F5,0x0005,0x7EF0,0xF390,0x0000,0x0000,0x7F4C
3_79CE_0108_03D,3,0x79CE,8,1,61,61,448,965,1,0,708,3558,0x4407,0x00E1,0x0108,0x79CE,0xF38F,0x0000,0x0000,0x7BAF
3_7E4F_0105_010,3,0x7E4F,5,1,16,16,74,172,1,0,708,3669,0x9888,0x0100,0x0105,0x7E4F,0xF390,0x0000,0x0000,0x7E9C
3_7E00_0005_00F,3,0x7E00,5,0,15,15,66,155,1,0,558,1776,0x9687,0x01EF,0x0005,0x7E00,0xF390,0x0000,0x0000,0x7E4F
3_1B47_0109_040,3,0x1B47,9,1,64,64,576,1224,1,0,405,439,0xB878,0x0107,0x0109,0x1B47,0xF380,0x0000,0x0000,0xCDCB
3_8B83_010A_047,3,0x8B83,10,1,71,71,565,1209,1,0,400,5018,0x7D36,0x0091,0x010A,0x8B83,0xF392,0x0000,0x0000,0x8E40
3_9041_010A_048,3,0x9041,10,1,72,72,562,1204,1,0,400,5027,0xA55D,0x009A,0x010A,0x9041,0xF392,0x0000,0x0000,0x9308
3_75EE_0108_03F,3,0x75EE,8,1,63,63,448,967,1,0,397,3663,0xB879,0x00FC,0x0108,0x75EE,0xF38F,0x0000,0x0000,0x77E0
3_7E9B_0005_011,3,0x7E9B,5,0,17,17,72,169,1,0,374,1749,0x8877,0x01FB,0x0005,0x7E9B,0xF390,0x0000,0x0000,0x7EF2
3_242F_0013_025,3,0x242F,19,0,37,37,683,1411,1,0,372,998,0xB893,0x01F5,0x0013,0x242F,0xF387,0x0000,0x0000,0x2700
3_8E49_0107_048,3,0x8E49,7,1,72,72,434,948,1,0,366,5026,0x9F57,0x009D,0x0107,0x8E49,0xF392,0x0000,0x0000,0x903C
3_7BB6_010A_03B,3,0x7BB6,10,1,59,59,519,1105,1,0,362,3561,0x5C21,0x00DE,0x010A,0x7BB6,0xF38F,0x0000,0x0000,0x7DFB
4_CDCB_0015_01B,4,0xCDCB,21,0,27,27,547,1129,1,0,352,36,0xB89D,0x01FF,0x0015,0xCDCB,0xF480,0x0000,0x0000,0xD016
3_79C7_0008_03D,3,0x79C7,8,0,61,61,461,991,1,0,320,1749,0xA568,0x01F2,0x0008,0x79C7,0xF38F,0x0000,0x0000,0x7BB6
3_8578_0009_032,3,0x8578,9,0,50,50,409,876,1,0,310,2488,0x7846,0x0104,0x0009,0x8578,0xF38F,0x0000,0x0000,0x8741
0_0312_0009_03F,0,0x0312,9,0,63,63,480,1031,1,0,306,851,0xB879,0x0108,0x0009,0x0312,0xF082,0x0000,0x0000,0x0551
3_7E4B_0005_010,3,0x7E4B,5,0,16,16,69,162,1,0,303,1743,0x6656,0x01FF,0x0005,0x7E4B,0xF390,0x0000,0x0000,0x7E9D
0_054D_0005_040,0,0x054D,5,0,64,64,276,624,1,0,274,847,0xB878,0x0111,0x0005,0x054D,0xF082,0x0000,0x0000,0x0691
0_0FF0_0108_03F,0,0x0FF0,8,1,63,63,466,1003,1,0,262,1148,0xB879,0x010F,0x0108,0x0FF0,0xF082,0x0000,0x0000,0x11E1
0_11E8_0110_03E,0,0x11E8,16,1,62,62,833,1736,1,0,227,1167,0xB87A,0x00E7,0x0110,0x11E8,0xF082,0x0000,0x0000,0x15BA
6_8116_0018_01F,6,0x8116,24,0,31,31,709,1457,0,223,223,6978,0x1F00,0x0136,0x0018,0x8116,0xF680,0x3A52,0x0000,0x85AD
3_7F4E_010B_03D,3,0x7F4E,11,1,61,61,471,1011,1,0,211,4078,0xB87B,0x0134,0x010B,0x7F4E,0xF38F,0x0000,0x0000,0x81E7
3_75E7_0008_03F,3,0x75E7,8,0,63,63,471,1013,1,0,176,1737,0x7839,0x01F8,0x0008,0x75E7,0xF38F,0x0000,0x0000,0x77E5
0_15BC_000D_03F,0,0x15BC,13,0,63,63,554,1179,1,0,173,1003,0xB879,0x010A,0x000D,0x15BC,0xF082,0x0000,0x0000,0x18F7
0_18F4_0008_03F,0,0x18F4,8,0,63,63,422,915,1,0,168,1005,0xB879,0x0110,0x0008,0x18F4,0xF082,0x0000,0x0000,0x1AF3
3_348D_0016_030,3,0x348D,22,0,48,48,806,1668,1,0,163,3199,0xB888,0x01C8,0x0016,0x348D,0xF391,0x0000,0x0000,0x38B6
0_0551_0105_040,0,0x0551,5,1,64,64,270,612,1,0,159,1154,0xB878,0x0115,0x0105,0x0551,0xF082,0x0000,0x0000,0x068E
3_7BAD_000A_03B,3,0x7BAD,10,0,59,59,501,1069,1,0,159,1755,0xB87D,0x01EA,0x000A,0x7BAD,0xF38F,0x0000,0x0000,0x7E03
0_3577_0110_023,0,0x3577,16,1,35,35,365,773,1,0,150,4620,0x8A67,0x015D,0x0110,0x3577,0xF082,0x0000,0x0000,0x37A3
0_031A_0109_03F,0,0x031A,9,1,63,63,416,903,1,0,141,1158,0xB879,0x010C,0x0109,0x031A,0xF082,0x0000,0x0000,0x054E
3_9665_010B_047,3,0x9665,11,1,71,71,622,1323,1,0,135,5111,0xB871,0x00E6,0x010B,0x9665,0xF392,0x0000,0x0000,0x9969
0_37A7_0112_00A,0,0x37A7,18,1,10,10,161,340,1,0,120,5155,0x887E,0x018D,0x0112,0x37A7,0xF082,0x0000,0x0000,0x384A
0_339A_0109_035,0,0x339A,9,1,53,53,413,887,1,0,117,4608,0xB17C,0x0154,0x0109,0x339A,0xF082,0x0000,0x0000,0x3571
3_7F44_000B_03D,3,0x7F44,11,0,61,61,644,1357,1,0,110,2522,0x783B,0x00FE,0x000B,0x7F44,0xF38F,0x0000,0x0000,0x81ED
3_9311_010C_047,3,0x9311,12,1,71,71,644,1367,1,0,100,5216,0xB871,0x0105,0x010C,0x9311,0xF392,0x0000,0x0000,0x965C
3_6DF9_000C_024,3,0x6DF9,12,0,36,36,406,856,1,0,93,1150,0x8763,0x012E,0x000C,0x6DF9,0xF3C9,0x0000,0x0000,0x6FAF
2_0D4A_0109_03B,2,0x0D4A,9,1,59,59,466,999,1,0,91,4093,0xB87D,0x0151,0x0109,0x0D4A,0xF282,0x0000,0x0000,0x0F55
3_223D_0007_018,3,0x223D,7,0,24,24,137,306,1,0,90,844,0xB79F,0x0104,0x0007,0x223D,0xF3C0,0x0000,0x0000,0x22EB
3_7188_010B_022,3,0x7188,11,1,34,34,330,702,1,0,90,1240,0x8A68,0x00D6,0x010B,0x7188,0xF38E,0x0000,0x0000,0x72FA
1_0005_0101_001,1,0x0005,1,1,1,1,1,11,1,0,85,1240,0xADAC,0x00EA,0x0101,0x0005,0xF18E,0x0000,0x0000,0x0006
0_3568_0010_023,0,0x3568,16,0,35,35,413,869,1,0,81,3389,0x8A67,0x00B1,0x0010,0x3568,0xF082,0x0000,0x0000,0x37A5
3_1D82_0006_01F,3,0x1D82,6,0,31,31,177,393,1,18,81,856,0x8A6B,0x00D1,0x0006,0x1D82,0xF3C0,0x7C21,0x0000,0x1E3F
3_1E38_000A_030,3,0x1E38,10,0,48,48,480,1016,1,0,81,859,0x8B5B,0x0139,0x000A,0x1E38,0xF3C0,0x0000,0x0000,0x2021
3_34A2_0116_030,3,0x34A2,22,1,48,48,989,2034,1,0,74,4823,0x7848,0x00D6,0x0116,0x34A2,0xF391,0x0000,0x0000,0x38B4
3_6FA6_000F_014,3,0x6FA6,15,0,20,20,266,560,1,0,72,1149,0xA692,0x00EF,0x000F,0x6FA6,0xF3C9,0x0000,0x0000,0x70DA
3_3014_0116_035,3,0x3014,22,1,53,53,1059,2179,1,0,67,4812,0x5D28,0x00AC,0x0116,0x3014,0xF391,0x0000,0x0000,0x3490
0_385B_010D_020,0,0x385B,13,1,32,32,351,742,1,0,64,4635,0xB898,0x017E,0x010D,0x385B,0xF082,0x0000,0x0000,0x39EF
3_A848_010C_03E,3,0xA848,12,1,62,62,567,1204,1,0,64,5228,0xB87A,0x0109,0x010C,0xA848,0xF392,0x0000,0x0000,0xAB2A
4_B658_0113_025,4,0xB658,19,1,37,37,653,1351,1,0,64,4930,0xB893,0x01EF,0x0113,0xB658,0xF491,0x0000,0x0000,0xB905
3_653D_0106_020,3,0x653D,6,1,32,32,166,372,1,0,62,1162,0xDBBB,0x00E5,0x0106,0x653D,0xF38A,0x0000,0x0000,0x65F8
3_69F7_0103_00F,3,0x69F7,3,1,15,15,44,111,1,0,62,1162,0xC3B4,0x00ED,0x0103,0x69F7,0xF38B,0x0000,0x0000,0x6A23
0_3796_0012_00A,0,0x3796,18,0,10,10,172,362,1,0,60,3590,0xB8AE,0x00AD,0x0012,0x3796,0xF082,0x0000,0x0000,0x3859
3_72FE_0110_02F,3,0x72FE,16,1,47,47,602,1259,1,0,60,1243,0x9061,0x00CC,0x0110,0x72FE,0xF38E,0x0000,0x0000,0x75E6
3_8580_0109_032,3,0x8580,9,1,50,50,428,914,1,0,60,4748,0xB886,0x019C,0x0109,0x8580,0xF38F,0x0000,0x0000,0x873B
3_6058_0108_038,3,0x6058,8,1,56,56,396,856,1,0,57,1167,0xDEA6,0x00D9,0x0108,0x6058,0xF389,0x0000,0x0000,0x6211
2_0B2E_0109_03C,2,0x0B2E,9,1,60,60,470,1008,1,0,54,4089,0xB87C,0x0156,0x0109,0x0B2E,0xF282,0x0000,0x0000,0x0D42
3_9972_0112_047,3,0x9972,18,1,71,71,772,1623,1,0,53,5224,0xB871,0x0106,0x0112,0x9972,0xF392,0x0000,0x0000,0x9E65
3_2700_0116_03E,3,0x2700,22,1,62,62,1082,2234,1,0,52,4793,0x7032,0x0062,0x0116,0x2700,0xF391,0x0000,0x0000,0x2C4F
3_81ED_010F_03D,3,0x81ED,15,1,61,61,525,1119,1,0,52,4088,0xB87B,0x0134,0x010F,0x81ED,0xF38F,0x0000,0x0000,0x857B
0_3392_0009_035,0,0x3392,9,0,53,53,373,807,1,0,51,3377,0xB17C,0x00CD,0x0009,0x3392,0xF082,0x0000,0x0000,0x3577
3_6C3D_0008_038,3,0x6C3D,8,0,56,56,349,762,1,0,48,1149,0xC890,0x014B,0x0008,0x6C3D,0xF3C9,0x0000,0x0000,0x6E00
2_F0C9_0016_059,2,0xF0C9,22,0,89,89,1679,3455,0,47,47,556,0x6C13,0x012E,0x0016,0xF0C9,0xF283,0x4842,0x0000,0xF8E9
2_F0C9_0016_05C,2,0xF0C9,22,0,92,92,1745,3590,0,47,47,560,0x6E12,0x012D,0x0016,0xF0C9,0xF283,0x7021,0x0000,0xF8E9
2_F0C9_0016_056,2,0xF0C9,22,0,86,86,1613,3320,0,45,45,552,0x6B15,0x012F,0x0016,0xF0C9,0xF283,0x0863,0x0000,0xF8E9
3_70E0_0107_018,3,0x70E0,7,1,24,24,164,360,1,0,45,1250,0x856D,0x00DE,0x0107,0x70E0,0xF38E,0x0000,0x0000,0x7183
2_F0C9_0016_05E,2,0xF0C9,22,0,94,94,1779,3660,1,0,43,564,0x6F11,0x012D,0x0016,0xF0C9,0xF283,0x0000,0x0000,0xF8E9
3_9E70_0112_047,3,0x9E70,18,1,71,71,784,1647,1,0,43,5283,0xB871,0x0103,0x0112,0x9E70,0xF392,0x0000,0x0000,0xA363
3_2C54_0118_028,3,0x2C54,24,1,40,40,931,1910,1,0,42,4805,0x4A22,0x0089,0x0118,0x2C54,0xF391,0x0000,0x0000,0x3000
3_8736_000D_037,3,0x8736,13,0,55,55,523,1109,1,0,40,2538,0x7841,0x010D,0x000D,0x8736,0xF38F,0x0000,0x0000,0x8A07
3_89FD_0011_016,3,0x89FD,17,0,22,22,321,672,1,0,40,2548,0x7862,0x0109,0x0011,0x89FD,0xF38F,0x0000,0x0000,0x8B82
3_22E3_0009_023,3,0x22E3,9,0,35,35,311,665,1,27,36,847,0xAB88,0x011C,0x0009,0x22E3,0xF3C0,0x2463,0x0000,0x2441
0_0A78_010A_028,0,0x0A78,10,1,40,40,357,762,1,0,32,4651,0xB890,0x0185,0x010A,0x0A78,0xF082,0x0000,0x0000,0x0BFF
0_384F_000D_020,0,0x384F,13,0,32,32,297,634,1,0,32,3404,0xB898,0x00B7,0x000D,0x384F,0xF082,0x0000,0x0000,0x39FA
3_0000_0004_078,3,0x0000,4,0,120,120,325,778,1,0,32,722,0x7800,0x0111,0x0004,0x0000,0xF384,0x0000,0x0000,0x01E2
3_0003_0104_078,3,0x0003,4,1,120,120,364,856,1,0,32,718,0x7800,0x0111,0x0104,0x0003,0xF384,0x0000,0x0000,0x01E1
3_01E4_00FC_078,3,0x01E4,-4,0,120,120,325,778,1,0,32,720,0x7800,0x0111,0x00FC,0x01E4,0xF384,0x0000,0x0000,0x0006
3_01E7_01FC_078,3,0x01E7,-4,1,120,120,364,856,1,0,31,717,0x7800,0x0111,0x01FC,0x01E7,0xF384,0x0000,0x0000,0x0005
0_15C8_010D_03F,0,0x15C8,13,1,63,63,687,1445,1,0,30,1163,0xB879,0x00F7,0x010D,0x15C8,0xF082,0x0000,0x0000,0x18F1
0_18FB_0108_03F,0,0x18FB,8,1,63,63,430,931,1,0,30,1165,0xB879,0x0105,0x0108,0x18FB,0xF082,0x0000,0x0000,0x1AED
3_6A70_0009_01C,3,0x6A70,9,0,28,28,200,436,1,0,30,1088,0x886C,0x0133,0x0009,0x6A70,0xF38B,0x0000,0x0000,0x6B70
3_6B6D_0008_01A,3,0x6B6D,8,0,26,26,161,356,1,0,30,1093,0x8369,0x0134,0x0008,0x6B6D,0xF38B,0x0000,0x0000,0x6C41
3_2C3D_0018_028,3,0x2C3D,24,0,40,40,711,1470,1,0,28,3186,0x8B63,0x01FE,0x0018,0x2C3D,0xF391,0x0000,0x0000,0x3001
3_A36E_0112_045,3,0xA36E,18,1,69,69,886,1849,1,0,28,5119,0xB873,0x00E3,0x0112,0xA36E,0xF392,0x0000,0x0000,0xA83D
3_1D82_0006_01A,3,0x1D82,6,0,26,26,156,346,0,27,27,847,0x7F65,0x00F6,0x0006,0x1D82,0xF3C0,0x58E7,0x0000,0x1E3F
3_1D82_0006_01B,3,0x1D82,6,0,27,27,161,357,1,18,27,850,0x795E,0x00EA,0x0006,0x1D82,0xF3C0,0x1CA5,0x0000,0x1E3F
3_1E38_000A_022,3,0x1E38,10,0,34,34,340,722,1,18,27,848,0x7957,0x011C,0x000A,0x1E38,0xF3C0,0x71CE,0x0000,0x2021
3_22E3_0009_022,3,0x22E3,9,0,34,34,302,646,0,27,27,844,0xB492,0x010E,0x0009,0x22E3,0xF3C0,0x2084,0x0000,0x2441
3_22E3_0009_024,3,0x22E3,9,0,36,36,320,684,0,27,27,850,0xAC88,0x012B,0x0009,0x22E3,0xF3C0,0x2042,0x0000,0x2441
3_22E3_0009_025,3,0x22E3,9,0,37,37,329,703,0,27,27,853,0xB590,0x013A,0x0009,0x22E3,0xF3C0,0x1421,0x0000,0x2441
3_22E3_0009_026,3,0x22E3,9,0,38,38,338,722,1,0,27,856,0xC8A2,0x0149,0x0009,0x22E3,0xF3C0,0x0000,0x0000,0x2441
0_1D33_010F_040,0,0x1D33,15,1,64,64,858,1788,1,0,24,4747,0xB878,0x019E,0x010F,0x1D33,0xF082,0x0000,0x0000,0x20E7
3_678A_0004_01F,3,0x678A,4,0,31,31,99,237,1,0,24,1088,0xA182,0x013D,0x0004,0x678A,0xF38A,0x0000,0x0000,0x6807
3_6FA6_000F_00B,3,0x6FA6,15,0,11,11,144,307,0,24,24,1130,0x776C,0x0125,0x000F,0x6FA6,0xF3C9,0x7FBD,0x0000,0x70DA
3_81DF_000F_03D,3,0x81DF,15,0,61,61,888,1845,1,0,21,3661,0xB87B,0x0142,0x000F,0x81DF,0xF38F,0x0000,0x0000,0x8580
3_26EB_0016_03E,3,0x26EB,22,0,62,62,1031,2132,1,0,20,3278,0xB678,0x01A4,0x0016,0x26EB,0xF391,0x0000,0x0000,0x2C53
3_2FFF_0016_035,3,0x2FFF,22,0,53,53,825,1711,1,0,20,3188,0x9D68,0x01F5,0x0016,0x2FFF,0xF391,0x0000,0x0000,0x3491
3_38C2_0113_036,3,0x38C2,19,1,54,54,846,1754,1,0,20,4827,0x7842,0x00E9,0x0113,0x38C2,0xF391,0x0000,0x0000,0x3CBA
0_1AF3_0109_040,0,0x1AF3,9,1,64,64,517,1106,1,0,19,4745,0xB878,0x01B5,0x0109,0x1AF3,0xF082,0x0000,0x0000,0x1D2D
3_1D82_0006_019,3,0x1D82,6,0,25,25,150,333,0,18,18,845,0x876E,0x00FE,0x0006,0x1D82,0xF3C0,0x2108,0x0000,0x1E3F
3_1D82_0006_01D,3,0x1D82,6,0,29,29,169,375,0,18,18,853,0x7D60,0x00DD,0x0006,0x1D82,0xF3C0,0x5C63,0x0000,0x1E3F
3_1E38_000A_01F,3,0x1E38,10,0,31,31,310,659,0,18,18,845,0x896A,0x0114,0x000A,0x1E38,0xF3C0,0x3A52,0x0000,0x2021
3_2015_000D_019,3,0x2015,13,0,25,25,300,633,0,18,18,847,0x9E85,0x0102,0x000D,0x2015,0xF3C0,0x7EF7,0x0000,0x223B
3_2015_000D_021,3,0x2015,13,0,33,33,387,815,0,18,18,854,0xBE9D,0x00F5,0x000D,0x2015,0xF3C0,0x2529,0x0000,0x223B
3_6804_0006_021,3,0x6804,6,0,33,33,160,361,1,0,18,1092,0xA180,0x0139,0x0006,0x6804,0xF38A,0x0000,0x0000,0x68CC
3_68C8_0008_025,3,0x68C8,8,0,37,37,272,589,1,0,18,1095,0xA17C,0x0136,0x0008,0x68C8,0xF38A,0x0000,0x0000,0x69F4
3_6FA6_000F_00C,3,0x6FA6,15,0,12,12,159,338,0,18,18,1134,0x7266,0x011A,0x000F,0x6FA6,0xF3C9,0x52F7,0x0000,0x70DA
3_6FA6_000F_00E,3,0x6FA6,15,0,14,14,189,400,1,12,18,1139,0x7769,0x010C,0x000F,0x6FA6,0xF3C9,0x49EF,0x0000,0x70DA
0_0A6F_000A_028,0,0x0A6F,10,0,40,40,297,642,1,0,16,3420,0xB890,0x00BB,0x000A,0x0A6F,0xF082,0x0000,0x0000,0x0C06
0_1D25_000F_040,0,0x1D25,15,0,64,64,492,1056,1,0,16,4897,0xB878,0x0177,0x000F,0x1D25,0xF082,0x0000,0x0000,0x20EB
3_38B0_0013_036,3,0x38B0,19,0,54,54,809,1680,1,0,16,3203,0xB882,0x01BF,0x0013,0x38B0,0xF391,0x0000,0x0000,0x3CBB
3_6218_0107_039,3,0x6218,7,1,57,57,349,763,1,0,16,1194,0xB87F,0x00DC,0x0107,0x6218,0xF389,0x0000,0x0000,0x63A1
3_65FD_0104_01E,3,0x65FD,4,1,30,30,104,246,1,0,16,1194,0xA082,0x00E8,0x0104,0x65FD,0xF38A,0x0000,0x0000,0x6672
3_6A24_0103_00F,3,0x6A24,3,1,15,15,45,113,1,0,16,1194,0x8879,0x00EE,0x0103,0x6A24,0xF38B,0x0000,0x0000,0x6A4F
0_0689_0009_03F,0,0x0689,9,0,63,63,481,1033,1,0,15,3667,0xB879,0x0150,0x0009,0x0689,0xF082,0x0000,0x0000,0x08C8
3_6DF9_000C_016,3,0x6DF9,12,0,22,22,258,546,1,12,15,1136,0x7660,0x0133,0x000C,0x6DF9,0xF3C9,0x3AB5,0x0000,0x6FAF
2_0D42_0009_03B,2,0x0D42,9,0,59,59,400,867,1,0,14,3841,0xB87D,0x016C,0x0009,0x0D42,0xF282,0x0000,0x0000,0x0F5B
3_1B3F_0009_030,3,0x1B3F,9,0,48,48,432,920,1,0,13,1395,0xE0B0,0x01E7,0x0009,0x1B3F,0xF380,0x0000,0x0000,0x1CF7
3_1B3F_0009_034,3,0x1B3F,9,0,52,52,468,996,1,0,13,1396,0xE0AC,0x01E7,0x0009,0x1B3F,0xF380,0x0000,0x0000,0x1D1B
3_1B3F_0009_038,3,0x1B3F,9,0,56,56,504,1072,1,0,13,1397,0xE0A8,0x01E7,0x0009,0x1B3F,0xF380,0x0000,0x0000,0x1D3F
3_1B3F_0009_03C,3,0x1B3F,9,0,60,60,540,1148,1,0,13,1398,0xE0A4,0x01E7,0x0009,0x1B3F,0xF380,0x0000,0x0000,0x1D63
0_1AEB_0009_040,0,0x1AEB,9,0,64,64,351,774,1,0,12,4895,0xB878,0x0178,0x0009,0x1AEB,0xF082,0x0000,0x0000,0x1D30
3_6C3D_0008_01D,3,0x6C3D,8,0,29,29,197,431,0,12,12,1129,0xAF92,0x0138,0x0008,0x6C3D,0xF3C9,0x1BDE,0x0000,0x6E00
3_6DF9_000C_013,3,0x6DF9,12,0,19,19,222,471,0,12,12,1130,0x8C79,0x0136,0x000C,0x6DF9,0xF3C9,0x6BDE,0x0000,0x6FAF
3_6DF9_000C_014,3,0x6DF9,12,0,20,20,234,496,0,12,12,1132,0x836F,0x0135,0x000C,0x6DF9,0xF3C9,0x737B,0x0000,0x6FAF
3_6DF9_000C_015,3,0x6DF9,12,0,21,21,246,521,0,12,12,1134,0x7B66,0x0135,0x000C,0x6DF9,0xF3C9,0x6318,0x0000,0x6FAF
3_6DF9_000C_019,3,0x6DF9,12,0,25,25,294,621,0,12,12,1140,0x7158,0x0131,0x000C,0x6DF9,0xF3C9,0x5DEF,0x0000,0x6FAF
3_6DF9_000C_01F,3,0x6DF9,12,0,31,31,366,771,0,12,12,1146,0x7859,0x012F,0x000C,0x6DF9,0xF3C9,0x68C6,0x0000,0x6FAF
3_6FA6_000F_00A,3,0x6FA6,15,0,10,10,129,276,0,12,12,1128,0x7C72,0x012B,0x000F,0x6FA6,0xF3C9,0x5BFF,0x0000,0x70CC
3_6FA6_000F_00D,3,0x6FA6,15,0,13,13,174,369,0,12,12,1137,0x7366,0x0112,0x000F,0x6FA6,0xF3C9,0x2A52,0x0000,0x70DA
3_6FA6_000F_00F,3,0x6FA6,15,0,15,15,204,431,0,12,12,1141,0x7C6D,0x0106,0x000F,0x6FA6,0xF3C9,0x518C,0x0000,0x70DA
3_6FA6_000F_010,3,0x6FA6,15,0,16,16,219,462,0,12,12,1143,0x8474,0x0101,0x000F,0x6FA6,0xF3C9,0x4129,0x0000,0x70DA
3_6FA6_000F_013,3,0x6FA6,15,0,19,19,257,541,0,12,12,1147,0x9986,0x00F4,0x000F,0x6FA6,0xF3C9,0x6463,0x0000,0x70DA
3_6C3D_0008_023,3,0x6C3D,8,0,35,35,228,499,1,6,11,1136,0xA17E,0x013E,0x0008,0x6C3D,0xF3C9,0x7294,0x0000,0x6E00
2_0B26_0009_03C,2,0x0B26,9,0,60,60,431,930,1,0,10,3837,0xB87C,0x0169,0x0009,0x0B26,0xF282,0x0000,0x0000,0x0D49
3_8742_010D_037,3,0x8742,13,1,55,55,620,1303,1,0,10,4758,0xB881,0x0185,0x010D,0x8742,0xF38F,0x0000,0x0000,0x8A01
3_8A0D_0111_016,3,0x8A0D,17,1,22,22,302,634,1,0,10,4768,0xB8A2,0x0178,0x0111,0x8A0D,0xF38F,0x0000,0x0000,0x8B73
3_1D82_0006_018,3,0x1D82,6,0,24,24,144,320,0,9,9,844,0x8D75,0x0102,0x0006,0x1D82,0xF3C0,0x6129,0x0000,0x1E39
3_1D82_0006_01C,3,0x1D82,6,0,28,28,165,366,0,9,9,852,0x7B5F,0x00E1,0x0006,0x1D82,0xF3C0,0x4084,0x0000,0x1E3F
3_1D82_0006_01E,3,0x1D82,6,0,30,30,173,384,0,9,9,855,0x8567,0x00D5,0x0006,0x1D82,0xF3C0,0x7042,0x0000,0x1E3F
3_1E38_000A_001,3,0x1E38,10,0,1,1,10,29,1,0,9,870,0xE0DF,0x015A,0x000A,0x1E38,0xF3C0,0x0000,0x0000,0x1E4B
3_1E38_000A_012,3,0x1E38,10,0,18,18,180,386,1,0,9,869,0xE0CE,0x0157,0x000A,0x1E38,0xF3C0,0x0000,0x0000,0x1EF5
3_1E38_000A_01E,3,0x1E38,10,0,30,30,300,638,0,9,9,844,0x9173,0x0111,0x000A,0x1E38,0xF3C0,0x6A73,0x0000,0x2017
3_1E38_000A_021,3,0x1E38,10,0,33,33,330,701,0,9,9,847,0x7D5C,0x011A,0x000A,0x1E38,0xF3C0,0x3DEF,0x0000,0x2021
3_1E38_000A_024,3,0x1E38,10,0,36,36,360,764,0,9,9,850,0x734F,0x0121,0x000A,0x1E38,0xF3C0,0x316B,0x0000,0x2021
3_1E38_000A_025,3,0x1E38,10,0,37,37,370,785,0,9,9,851,0x714C,0x0124,0x000A,0x1E38,0xF3C0,0x494A,0x0000,0x2021
3_1E38_000A_026,3,0x1E38,10,0,38,38,380,806,0,9,9,852,0x714B,0x0127,0x000A,0x1E38,0xF3C0,0x5929,0x0000,0x2021
3_1E38_000A_028,3,0x1E38,10,0,40,40,400,848,0,9,9,853,0x724A,0x0129,0x000A,0x1E38,0xF3C0,0x60E7,0x0000,0x2021
3_1E38_000A_029,3,0x1E38,10,0,41,41,410,869,0,9,9,854,0x734A,0x012C,0x000A,0x1E38,0xF3C0,0x58C6,0x0000,0x2021
3_1E38_000A_02A,3,0x1E38,10,0,42,42,420,890,0,9,9,855,0x764C,0x012E,0x000A,0x1E38,0xF3C0,0x48A5,0x0000,0x2021
3_1E38_000A_02C,3,0x1E38,10,0,44,44,440,932,0,9,9,856,0x7A4E,0x0131,0x000A,0x1E38,0xF3C0,0x1063,0x0000,0x2021
3_1E38_000A_02E,3,0x1E38,10,0,46,46,460,974,0,9,9,857,0x7F51,0x0133,0x000A,0x1E38,0xF3C0,0x7042,0x0000,0x2021
3_1E38_000A_02F,3,0x1E38,10,0,47,47,470,995,0,9,9,858,0x8455,0x0136,0x000A,0x1E38,0xF3C0,0x3C21,0x0000,0x2021
3_2015_000D_008,3,0x2015,13,0,8,8,86,188,1,0,9,860,0xE0D8,0x00EC,0x000D,0x2015,0xF3C0,0x0000,0x0000,0x2087
3_2015_000D_015,3,0x2015,13,0,21,21,249,527,1,0,9,859,0xE0CB,0x00ED,0x000D,0x2015,0xF3C0,0x0000,0x0000,0x2132
3_2015_000D_016,3,0x2015,13,0,22,22,262,554,0,9,9,844,0xA08A,0x0107,0x000D,0x2015,0xF3C0,0x7BBD,0x0000,0x222E
3_2015_000D_017,3,0x2015,13,0,23,23,275,581,0,9,9,845,0x9E87,0x0106,0x000D,0x2015,0xF3C0,0x377B,0x0000,0x223B
3_2015_000D_018,3,0x2015,13,0,24,24,288,608,0,9,9,846,0x9E86,0x0104,0x000D,0x2015,0xF3C0,0x6339,0x0000,0x223B
3_2015_000D_01A,3,0x2015,13,0,26,26,312,658,0,9,9,849,0xA288,0x00FE,0x000D,0x2015,0xF3C0,0x3A73,0x0000,0x222E
3_2015_000D_01C,3,0x2015,13,0,28,28,336,708,0,9,9,850,0xA68A,0x00FC,0x000D,0x2015,0xF3C0,0x7231,0x0000,0x223B
3_2015_000D_01D,3,0x2015,13,0,29,29,347,731,0,9,9,851,0xAA8D,0x00FB,0x000D,0x2015,0xF3C0,0x4DEF,0x0000,0x223B
3_2015_000D_01E,3,0x2015,13,0,30,30,358,754,0,9,9,852,0xB092,0x00F9,0x000D,0x2015,0xF3C0,0x19AD,0x0000,0x223B
3_2015_000D_01F,3,0x2015,13,0,31,31,368,775,0,9,9,853,0xB697,0x00F7,0x000D,0x2015,0xF3C0,0x556B,0x0000,0x222E
3_2015_000D_023,3,0x2015,13,0,35,35,403,849,0,9,9,855,0xC7A4,0x00F4,0x000D,0x2015,0xF3C0,0x54E7,0x0000,0x223B
3_2015_000D_025,3,0x2015,13,0,37,37,417,879,0,9,9,856,0xD1AC,0x00F2,0x000D,0x2015,0xF3C0,0x64A5,0x0000,0x223B
3_2015_000D_027,3,0x2015,13,0,39,39,429,905,0,9,9,857,0xDCB5,0x00F0,0x000D,0x2015,0xF3C0,0x5463,0x0000,0x223B
3_223D_0007_00A,3,0x223D,7,0,10,10,47,112,1,0,9,855,0xE0D6,0x00EE,0x0007,0x223D,0xF3C0,0x0000,0x0000,0x2288
3_223D_0007_014,3,0x223D,7,0,20,20,109,246,1,0,9,854,0xE0CC,0x00F0,0x0007,0x223D,0xF3C0,0x0000,0x0000,0x22CF
3_22E3_0009_018,3,0x22E3,9,0,24,24,212,456,1,0,9,860,0xE0C8,0x015D,0x0009,0x22E3,0xF3C0,0x0000,0x0000,0x23C3
3_6DF9_000C_01A,3,0x6DF9,12,0,26,26,306,646,1,6,9,1142,0x7157,0x0131,0x000C,0x6DF9,0xF3C9,0x618C,0x0000,0x6FA3
0_0E10_0108_03C,0,0x0E10,8,1,60,60,423,914,1,0,8,3354,0x864A,0x00C1,0x0108,0x0E10,0xF082,0x0000,0x0000,0x0FEE
3_01D0_0014_048,3,0x01D0,20,0,72,72,1302,2684,0,8,8,848,0xB870,0x00F2,0x0014,0x01D0,0xF385,0x6063,0x0000,0x07F5
3_01D0_0014_04A,3,0x01D0,20,0,74,74,1334,2750,0,8,8,849,0xB86E,0x00F2,0x0014,0x01D0,0xF385,0x5042,0x0000,0x07F5
3_01D0_0014_04C,3,0x01D0,20,0,76,76,1365,2814,0,8,8,850,0xB86C,0x00F1,0x0014,0x01D0,0xF385,0x3021,0x0000,0x07F5
3_01D0_0014_04E,3,0x01D0,20,0,78,78,1394,2874,1,0,8,851,0xB86A,0x00F1,0x0014,0x01D0,0xF385,0x0000,0x0000,0x07F5
3_01E3_0114_040,3,0x01E3,20,1,64,64,1192,2456,0,8,8,844,0xB878,0x00F5,0x0114,0x01E3,0xF385,0x00E7,0x0000,0x07EF
3_01E3_0114_042,3,0x01E3,20,1,66,66,1230,2534,0,8,8,845,0xB876,0x00F4,0x0114,0x01E3,0xF385,0x30C6,0x0000,0x07EF
3_01E3_0114_044,3,0x01E3,20,1,68,68,1268,2612,0,8,8,846,0xB874,0x00F4,0x0114,0x01E3,0xF385,0x50A5,0x0000,0x07EF
3_01E3_0114_046,3,0x01E3,20,1,70,70,1306,2690,0,8,8,847,0xB872,0x00F3,0x0114,0x01E3,0xF385,0x6084,0x0000,0x07EF
3_1D82_0006_00C,3,0x1D82,6,0,12,12,72,164,1,0,8,866,0xE0D4,0x00A9,0x0006,0x1D82,0xF3C0,0x0000,0x0000,0x1DCF
3_22E3_0009_00C,3,0x22E3,9,0,12,12,104,228,1,0,8,861,0xE0D4,0x0162,0x0009,0x22E3,0xF3C0,0x0000,0x0000,0x2357
3_07FC_00EC_048,3,0x07FC,-20,0,72,72,1323,2726,0,7,7,856,0xB870,0x00F2,0x00EC,0x07FC,0xF385,0x6063,0x0000,0x01EE
3_07FC_00EC_04A,3,0x07FC,-20,0,74,74,1348,2778,0,7,7,857,0xB86E,0x00F2,0x00EC,0x07FC,0xF385,0x5042,0x0000,0x01EE
3_07FC_00EC_04C,3,0x07FC,-20,0,76,76,1372,2828,0,7,7,858,0xB86C,0x00F1,0x00EC,0x07FC,0xF385,0x3021,0x0000,0x01EE
3_07FC_00EC_04E,3,0x07FC,-20,0,78,78,1394,2874,1,0,7,859,0xB86A,0x00F1,0x00EC,0x07FC,0xF385,0x0000,0x0000,0x01EE
3_080F_01EC_040,3,0x080F,-20,1,64,64,1212,2496,0,7,7,852,0xB878,0x00F5,0x01EC,0x080F,0xF385,0x00E7,0x0000,0x01EC
3_080F_01EC_042,3,0x080F,-20,1,66,66,1250,2574,0,7,7,853,0xB876,0x00F4,0x01EC,0x080F,0xF385,0x30C6,0x0000,0x01EC
3_080F_01EC_044,3,0x080F,-20,1,68,68,1288,2652,0,7,7,854,0xB874,0x00F4,0x01EC,0x080F,0xF385,0x50A5,0x0000,0x01EC
3_080F_01EC_046,3,0x080F,-20,1,70,70,1324,2726,0,7,7,855,0xB872,0x00F3,0x01EC,0x080F,0xF385,0x6084,0x0000,0x01EC
3_2441_0113_025,3,0x2441,19,1,37,37,663,1371,1,0,7,4990,0xB893,0x01E8,0x0113,0x2441,0xF391,0x0000,0x0000,0x26EE
3_6051_0008_026,3,0x6051,8,0,38,38,230,506,1,0,7,1002,0xE0BA,0x0161,0x0008,0x6051,0xF389,0x0000,0x0000,0x6186
3_6051_0008_02A,3,0x6051,8,0,42,42,258,566,1,0,7,1003,0xE0B6,0x0161,0x0008,0x6051,0xF389,0x0000,0x0000,0x61A7
3_6051_0008_02E,3,0x6051,8,0,46,46,286,626,1,0,7,1004,0xE0B2,0x0161,0x0008,0x6051,0xF389,0x0000,0x0000,0x61C7
3_6051_0008_032,3,0x6051,8,0,50,50,316,690,1,0,7,1005,0xE0AE,0x0161,0x0008,0x6051,0xF389,0x0000,0x0000,0x61E8
3_6051_0008_036,3,0x6051,8,0,54,54,348,758,1,0,7,1006,0xE0AA,0x0160,0x0008,0x6051,0xF389,0x0000,0x0000,0x6208
3_6C3D_0008_022,3,0x6C3D,8,0,34,34,223,488,1,6,7,1135,0xA280,0x013E,0x0008,0x6C3D,0xF3C9,0x2AB5,0x0000,0x6E00
3_6C3D_0008_02A,3,0x6C3D,8,0,42,42,271,592,1,6,7,1142,0xA97F,0x0145,0x0008,0x6C3D,0xF3C9,0x396B,0x0000,0x6E00
0_0691_0109_03F,0,0x0691,9,1,63,63,414,899,1,0,6,4790,0xB879,0x019D,0x0109,0x0691,0xF082,0x0000,0x0000,0x08C1
2_F0C9_0016_054,2,0xF0C9,22,0,84,84,1569,3230,0,6,6,548,0x6A16,0x012F,0x0016,0xF0C9,0xF283,0x4084,0x0000,0xF8E9
3_6C3D_0008_01C,3,0x6C3D,8,0,28,28,191,418,0,6,6,1128,0xB397,0x0136,0x0008,0x6C3D,0xF3C9,0x13FF,0x0000,0x6DF8
3_6C3D_0008_01E,3,0x6C3D,8,0,30,30,203,444,0,6,6,1131,0xA98B,0x0139,0x0008,0x6C3D,0xF3C9,0x2B7B,0x0000,0x6DF8
3_6C3D_0008_01F,3,0x6C3D,8,0,31,31,208,455,0,6,6,1132,0xA687,0x013A,0x0008,0x6C3D,0xF3C9,0x1B5A,0x0000,0x6E00
3_6C3D_0008_020,3,0x6C3D,8,0,32,32,213,466,0,6,6,1133,0xA484,0x013C,0x0008,0x6C3D,0xF3C9,0x0318,0x0000,0x6E00
3_6C3D_0008_021,3,0x6C3D,8,0,33,33,218,477,0,6,6,1134,0xA382,0x013C,0x0008,0x6C3D,0xF3C9,0x5EF7,0x0000,0x6E00
3_6C3D_0008_024,3,0x6C3D,8,0,36,36,233,510,0,6,6,1137,0xA17D,0x013F,0x0008,0x6C3D,0xF3C9,0x2252,0x0000,0x6E00
3_6C3D_0008_025,3,0x6C3D,8,0,37,37,239,523,0,6,6,1138,0xA27D,0x0140,0x0008,0x6C3D,0xF3C9,0x5631,0x0000,0x6E00
3_6C3D_0008_026,3,0x6C3D,8,0,38,38,245,536,0,6,6,1139,0xA37D,0x0141,0x0008,0x6C3D,0xF3C9,0x69EF,0x0000,0x6DF8
3_6C3D_0008_027,3,0x6C3D,8,0,39,39,251,549,0,6,6,1140,0xA47D,0x0142,0x0008,0x6C3D,0xF3C9,0x09CE,0x0000,0x6E00
3_6C3D_0008_029,3,0x6C3D,8,0,41,41,264,577,0,6,6,1141,0xA67D,0x0143,0x0008,0x6C3D,0xF3C9,0x318C,0x0000,0x6E00
3_6C3D_0008_02C,3,0x6C3D,8,0,44,44,285,622,0,6,6,1143,0xAC80,0x0145,0x0008,0x6C3D,0xF3C9,0x3129,0x0000,0x6E00
3_6C3D_0008_02D,3,0x6C3D,8,0,45,45,292,637,0,6,6,1144,0xAF82,0x0146,0x0008,0x6C3D,0xF3C9,0x2108,0x0000,0x6E00
3_6C3D_0008_02F,3,0x6C3D,8,0,47,47,305,665,0,6,6,1145,0xB384,0x0147,0x0008,0x6C3D,0xF3C9,0x68C6,0x0000,0x6DF8
3_6C3D_0008_031,3,0x6C3D,8,0,49,49,316,689,0,6,6,1146,0xB887,0x0147,0x0008,0x6C3D,0xF3C9,0x54A5,0x0000,0x6E00
3_6C3D_0008_034,3,0x6C3D,8,0,52,52,331,722,0,6,6,1147,0xBD89,0x0148,0x0008,0x6C3D,0xF3C9,0x7063,0x0000,0x6E00
3_6C3D_0008_035,3,0x6C3D,8,0,53,53,336,733,0,6,6,1148,0xC28D,0x0149,0x0008,0x6C3D,0xF3C9,0x2842,0x0000,0x6E00
3_6DF9_000C_012,3,0x6DF9,12,0,18,18,210,446,0,6,6,1129,0x9280,0x0136,0x000C,0x6DF9,0xF3C9,0x3BFF,0x0000,0x6FA3
3_6DF9_000C_017,3,0x6DF9,12,0,23,23,270,571,0,6,6,1138,0x725B,0x0132,0x000C,0x6DF9,0xF3C9,0x7A52,0x0000,0x6FA3
3_6DF9_000C_018,3,0x6DF9,12,0,24,24,282,596,0,6,6,1139,0x7159,0x0132,0x000C,0x6DF9,0xF3C9,0x6231,0x0000,0x6FAF
3_6DF9_000C_01B,3,0x6DF9,12,0,27,27,318,671,0,6,6,1143,0x7257,0x0131,0x000C,0x6DF9,0xF3C9,0x256B,0x0000,0x6FAF
3_6DF9_000C_01C,3,0x6DF9,12,0,28,28,330,696,0,6,6,1144,0x7458,0x0130,0x000C,0x6DF9,0xF3C9,0x7129,0x0000,0x6FA3
3_6DF9_000C_01D,3,0x6DF9,12,0,29,29,342,721,0,6,6,1145,0x7659,0x0130,0x000C,0x6DF9,0xF3C9,0x2108,0x0000,0x6FAF
3_6DF9_000C_021,3,0x6DF9,12,0,33,33,385,811,0,6,6,1148,0x7F5E,0x012E,0x000C,0x6DF9,0xF3C9,0x0C63,0x0000,0x6FAF
3_6DF9_000C_022,3,0x6DF9,12,0,34,34,392,826,0,6,6,1149,0x8361,0x012D,0x000C,0x6DF9,0xF3C9,0x1042,0x0000,0x6FAF
3_6FA6_000F_006,3,0x6FA6,15,0,6,6,73,160,1,0,6,1158,0xE0DA,0x00DC,0x000F,0x6FA6,0xF3C9,0x0000,0x0000,0x700D
3_6FA6_000F_011,3,0x6FA6,15,0,17,17,233,491,0,6,6,1145,0x8D7C,0x00FA,0x000F,0x6FA6,0xF3C9,0x18C6,0x0000,0x70DA
3_6FA6_000F_012,3,0x6FA6,15,0,18,18,247,520,0,6,6,1146,0x9381,0x00F7,0x000F,0x6FA6,0xF3C9,0x68A5,0x0000,0x70DA
1_0005_0001_001,1,0x0005,1,0,1,1,1,11,1,0,5,1240,0x9D9C,0x00D6,0x0001,0x0005,0xF18E,0x0000,0x0000,0x0006
3_2DA4_0118_01A,3,0x2DA4,24,1,26,26,598,1230,1,0,5,4900,0x1A00,0x0069,0x0118,0x2DA4,0xF388,0x0000,0x0000,0x3000
3_6C3D_0008_003,3,0x6C3D,8,0,3,3,21,53,1,0,5,1159,0xE0DD,0x0158,0x0008,0x6C3D,0xF3C9,0x0000,0x0000,0x6C5B
3_6C3D_0008_00B,3,0x6C3D,8,0,11,11,77,173,1,0,5,1158,0xE0D5,0x0157,0x0008,0x6C3D,0xF3C9,0x0000,0x0000,0x6C9B
3_6C3D_0008_013,3,0x6C3D,8,0,19,19,135,297,1,0,5,1157,0xE0CD,0x0155,0x0008,0x6C3D,0xF3C9,0x0000,0x0000,0x6CDC
3_6C3D_0008_01B,3,0x6C3D,8,0,27,27,185,405,1,0,5,1156,0xE0C5,0x0154,0x0008,0x6C3D,0xF3C9,0x0000,0x0000,0x6D19
3_6C3D_0008_02B,3,0x6C3D,8,0,43,43,278,607,1,0,5,1154,0xE0B5,0x0151,0x0008,0x6C3D,0xF3C9,0x0000,0x0000,0x6D9B
3_6C3D_0008_033,3,0x6C3D,8,0,51,51,326,711,1,0,5,1153,0xE0AD,0x0150,0x0008,0x6C3D,0xF3C9,0x0000,0x0000,0x6DD9
0_0E09_0008_03C,0,0x0E09,8,0,60,60,382,832,1,0,4,846,0xB87C,0x010A,0x0008,0x0E09,0xF082,0x0000,0x0000,0x0FEF
0_20F3_010C_040,0,0x20F3,12,1,64,64,494,1060,1,0,4,4743,0xB878,0x01B9,0x010C,0x20F3,0xF082,0x0000,0x0000,0x23EE
2_F0C9_0016_046,2,0xF0C9,22,0,70,70,1261,2600,0,3,3,520,0x631D,0x0134,0x0016,0xF0C9,0xF283,0x096B,0x0000,0xF8E9
2_F0C9_0016_04D,2,0xF0C9,22,0,77,77,1415,2915,0,3,3,536,0x6619,0x0131,0x0016,0xF0C9,0xF283,0x6CE7,0x0000,0xF8DB
3_6051_0008_01A,3,0x6051,8,0,26,26,154,342,1,0,3,2152,0xE0C6,0x0191,0x0008,0x6051,0xF389,0x0000,0x0000,0x6127
3_6051_0008_01E,3,0x6051,8,0,30,30,182,402,1,0,3,2153,0xE0C2,0x0191,0x0008,0x6051,0xF389,0x0000,0x0000,0x6147
3_6051_0008_022,3,0x6051,8,0,34,34,206,454,1,0,3,2154,0xE0BE,0x0191,0x0008,0x6051,0xF389,0x0000,0x0000,0x6166
3_6051_0008_029,3,0x6051,8,0,41,41,251,551,1,0,3,2457,0xE0B7,0x0183,0x0008,0x6051,0xF389,0x0000,0x0000,0x619F
3_6051_0008_02D,3,0x6051,8,0,45,45,279,611,1,0,3,2458,0xE0B3,0x0183,0x0008,0x6051,0xF389,0x0000,0x0000,0x61BF
3_6051_0008_031,3,0x6051,8,0,49,49,308,673,1,0,3,2459,0xE0AF,0x0183,0x0008,0x6051,0xF389,0x0000,0x0000,0x61E0
3_6051_0008_035,3,0x6051,8,0,53,53,340,741,1,0,3,2460,0xE0AB,0x0183,0x0008,0x6051,0xF389,0x0000,0x0000,0x6200
3_6538_0006_019,3,0x6538,6,0,25,25,141,315,1,0,3,2152,0xE0C7,0x018D,0x0006,0x6538,0xF38A,0x0000,0x0000,0x65D2
3_6538_0006_01D,3,0x6538,6,0,29,29,160,357,1,0,3,2153,0xE0C3,0x018D,0x0006,0x6538,0xF38A,0x0000,0x0000,0x65EA
3_6DF9_000C_002,3,0x6DF9,12,0,2,2,21,52,1,0,3,1165,0xE0DE,0x012F,0x000C,0x6DF9,0xF3C9,0x0000,0x0000,0x6E1B
3_6DF9_000C_006,3,0x6DF9,12,0,6,6,66,146,1,0,3,1651,0xE0DA,0x013D,0x000C,0x6DF9,0xF3C9,0x0000,0x0000,0x6E4B
3_6DF9_000C_00C,3,0x6DF9,12,0,12,12,138,296,1,0,3,1164,0xE0D4,0x012F,0x000C,0x6DF9,0xF3C9,0x0000,0x0000,0x6E94
3_6DF9_000C_010,3,0x6DF9,12,0,16,16,186,396,1,0,3,1650,0xE0D0,0x013D,0x000C,0x6DF9,0xF3C9,0x0000,0x0000,0x6EC4
3_6DF9_000C_020,3,0x6DF9,12,0,32,32,378,796,1,0,3,1162,0xE0C0,0x012F,0x000C,0x6DF9,0xF3C9,0x0000,0x0000,0x6F84
0_20E8_000C_040,0,0x20E8,12,0,64,64,578,1228,1,0,2,4893,0xB878,0x0169,0x000C,0x20E8,0xF082,0x0000,0x0000,0x23F1
2_F0C9_0016_030,2,0xF0C9,22,0,48,48,794,1644,0,2,2,439,0x5828,0x0142,0x0016,0xF0C9,0xF283,0x03FF,0x0000,0x0000
2_F0C9_0016_031,2,0xF0C9,22,0,49,49,814,1685,0,2,2,449,0x5827,0x0141,0x0016,0xF0C9,0xF283,0x37BD,0x0000,0xF8DB
2_F0C9_0016_037,2,0xF0C9,22,0,55,55,940,1943,0,2,2,475,0x5B24,0x013C,0x0016,0xF0C9,0xF283,0x46F7,0x0000,0xF8E9
2_F0C9_0016_039,2,0xF0C9,22,0,57,57,982,2029,0,2,2,482,0x5C23,0x013B,0x0016,0xF0C9,0xF283,0x36B5,0x0000,0xF8E9
2_F0C9_0016_03B,2,0xF0C9,22,0,59,59,1024,2115,0,2,2,488,0x5D22,0x013A,0x0016,0xF0C9,0xF283,0x0673,0x0000,0xF8E9
2_F0C9_0016_03C,2,0xF0C9,22,0,60,60,1045,2158,0,2,2,494,0x5E22,0x0139,0x0016,0xF0C9,0xF283,0x6252,0x0000,0xF8DB
2_F0C9_0016_03F,2,0xF0C9,22,0,63,63,1108,2287,0,2,2,500,0x5F20,0x0137,0x0016,0xF0C9,0xF283,0x4210,0x0000,0xF8E9
2_F0C9_0016_040,2,0xF0C9,22,0,64,64,1129,2330,0,2,2,505,0x6020,0x0137,0x0016,0xF0C9,0xF283,0x01EF,0x0000,0xF8E9
2_F0C9_0016_042,2,0xF0C9,22,0,66,66,1173,2420,0,2,2,510,0x611F,0x0136,0x0016,0xF0C9,0xF283,0x71CE,0x0000,0xF8E9
2_F0C9_0016_043,2,0xF0C9,22,0,67,67,1195,2465,0,2,2,515,0x611E,0x0136,0x0016,0xF0C9,0xF283,0x1DAD,0x0000,0xF8E9
2_F0C9_0016_048,2,0xF0C9,22,0,72,72,1305,2690,0,2,2,524,0x641C,0x0134,0x0016,0xF0C9,0xF283,0x414A,0x0000,0xF8E9
2_F0C9_0016_04A,2,0xF0C9,22,0,74,74,1349,2780,0,2,2,528,0x651B,0x0133,0x0016,0xF0C9,0xF283,0x6929,0x0000,0xF8E9
2_F0C9_0016_04B,2,0xF0C9,22,0,75,75,1371,2825,0,2,2,532,0x651A,0x0132,0x0016,0xF0C9,0xF283,0x6108,0x0000,0xF8DB
2_F0C9_0016_04F,2,0xF0C9,22,0,79,79,1459,3005,0,2,2,542,0x6718,0x0131,0x0016,0xF0C9,0xF283,0x68C6,0x0000,0xF8DB
2_F0C9_0016_052,2,0xF0C9,22,0,82,82,1525,3140,0,2,2,545,0x6917,0x0130,0x0016,0xF0C9,0xF283,0x68A5,0x0000,0xF8E9
3_778F_0008_00A,3,0x778F,8,0,10,10,70,158,1,0,2,3437,0x0A00,0x01C6,0x0008,0x778F,0xF38F,0x0000,0x0000,0x77E5
3_77A7_0008_007,3,0x77A7,8,0,7,7,49,113,1,0,2,3436,0x0700,0x01C6,0x0008,0x77A7,0xF38F,0x0000,0x0000,0x77E5
3_77B7_0008_005,3,0x77B7,8,0,5,5,35,83,1,0,2,3435,0x0500,0x01C7,0x0008,0x77B7,0xF38F,0x0000,0x0000,0x77E5
3_77C7_0008_003,3,0x77C7,8,0,3,3,21,53,1,0,2,3434,0x0300,0x01C7,0x0008,0x77C7,0xF38F,0x0000,0x0000,0x77E5
3_77D7_0008_001,3,0x77D7,8,0,1,1,7,23,1,0,2,3433,0x0100,0x01C8,0x0008,0x77D7,0xF38F,0x0000,0x0000,0x77E5
3_788F_0008_027,3,0x788F,8,0,39,39,310,667,1,0,2,3443,0x2700,0x01C2,0x0008,0x788F,0xF38F,0x0000,0x0000,0x79CE
3_78BF_0008_021,3,0x78BF,8,0,33,33,262,565,1,0,2,3442,0x2100,0x01C2,0x0008,0x78BF,0xF38F,0x0000,0x0000,0x79CE
3_78EF_0008_01B,3,0x78EF,8,0,27,27,214,463,1,0,2,3441,0x1B00,0x01C3,0x0008,0x78EF,0xF38F,0x0000,0x0000,0x79CE
3_7917_0008_016,3,0x7917,8,0,22,22,174,378,1,0,2,3440,0x1600,0x01C3,0x0008,0x7917,0xF38F,0x0000,0x0000,0x79CE
3_7937_0008_012,3,0x7937,8,0,18,18,142,310,1,0,2,3439,0x1200,0x01C5,0x0008,0x7937,0xF38F,0x0000,0x0000,0x79CE
3_7957_0008_00E,3,0x7957,8,0,14,14,110,242,1,0,2,3438,0x0E00,0x01C5,0x0008,0x7957,0xF38F,0x0000,0x0000,0x79CE
3_79CF_0008_03C,3,0x79CF,8,0,60,60,457,982,1,0,2,3446,0x3C00,0x01C0,0x0008,0x79CF,0xF38F,0x0000,0x0000,0x7BB6
3_7A0F_0008_034,3,0x7A0F,8,0,52,52,414,888,1,0,2,3445,0x3400,0x01C1,0x0008,0x7A0F,0xF38F,0x0000,0x0000,0x7BB6
3_7A47_0008_02D,3,0x7A47,8,0,45,45,360,773,1,0,2,3444,0x2D00,0x01C1,0x0008,0x7A47,0xF38F,0x0000,0x0000,0x7BB6
3_7E78_0005_007,3,0x7E78,5,0,7,7,33,81,1,0,2,3443,0x0700,0x01CC,0x0005,0x7E78,0xF390,0x0000,0x0000,0x7E9D
3_7E96_0005_001,3,0x7E96,5,0,1,1,3,15,1,0,2,3442,0x0100,0x01CC,0x0005,0x7E96,0xF390,0x0000,0x0000,0x7E9D
3_7EA0_0005_010,3,0x7EA0,5,0,16,16,68,160,1,0,2,3444,0x1000,0x01CA,0x0005,0x7EA0,0xF390,0x0000,0x0000,0x7EF2
0_2B16_000C_03E,0,0x2B16,12,0,62,62,423,916,1,0,1,3363,0xB87A,0x00C1,0x000C,0x2B16,0xF082,0x0000,0x0000,0x2E04
2_F0C9_0016_032,2,0xF0C9,22,0,50,50,835,1728,0,1,1,935,0x5927,0x0140,0x0016,0xF0C9,0xF283,0x639C,0x0000,0xF8DB
2_F0C9_0016_033,2,0xF0C9,22,0,51,51,856,1771,0,1,1,456,0x5926,0x013F,0x0016,0xF0C9,0xF283,0x077B,0x0000,0xF8E9
2_F0C9_0016_034,2,0xF0C9,22,0,52,52,877,1814,0,1,1,928,0x5A26,0x013E,0x0016,0xF0C9,0xF283,0x235A,0x0000,0xF8E9
2_F0C9_0016_035,2,0xF0C9,22,0,53,53,898,1857,0,1,1,464,0x5A25,0x013E,0x0016,0xF0C9,0xF283,0x3739,0x0000,0xF8E9
2_F0C9_0016_036,2,0xF0C9,22,0,54,54,919,1900,0,1,1,920,0x5B25,0x013D,0x0016,0xF0C9,0xF283,0x4318,0x0000,0xF8E9
3_2876_0116_02D,3,0x2876,22,1,45,45,711,1475,1,0,1,4896,0x2D00,0x0061,0x0116,0x2876,0xF388,0x0000,0x0000,0x2C4F
3_288C_0116_02C,3,0x288C,22,1,44,44,689,1430,1,0,1,4897,0x2C00,0x0065,0x0116,0x288C,0xF387,0x0000,0x0000,0x2C4F
3_28A2_0116_02B,3,0x28A2,22,1,43,43,667,1385,1,0,1,4898,0x2B00,0x0069,0x0116,0x28A2,0xF387,0x0000,0x0000,0x2C4F
3_28B8_0116_02A,3,0x28B8,22,1,42,42,646,1342,1,0,1,4899,0x2A00,0x006D,0x0116,0x28B8,0xF387,0x0000,0x0000,0x2C4F
3_2D74_0118_01C,3,0x2D74,24,1,28,28,646,1328,1,0,1,4906,0x1C00,0x0080,0x0118,0x2D74,0xF387,0x0000,0x0000,0x3000
3_2D8C_0118_01B,3,0x2D8C,24,1,27,27,622,1279,1,0,1,4905,0x1B00,0x007C,0x0118,0x2D8C,0xF387,0x0000,0x0000,0x3000
3_3040_0116_033,3,0x3040,22,1,51,51,1048,2155,1,0,1,4910,0x3300,0x0098,0x0116,0x3040,0xF387,0x0000,0x0000,0x3490
3_306C_0116_031,3,0x306C,22,1,49,49,1011,2079,1,0,1,4909,0x3100,0x0094,0x0116,0x306C,0xF387,0x0000,0x0000,0x3490
3_3098_0116_02F,3,0x3098,22,1,47,47,972,1999,1,0,1,4908,0x2F00,0x0090,0x0116,0x3098,0xF388,0x0000,0x0000,0x3490
3_30C4_0116_02D,3,0x30C4,22,1,45,45,931,1915,1,0,1,4907,0x2D00,0x008C,0x0116,0x30C4,0xF387,0x0000,0x0000,0x3490
3_6058_0108_026,3,0x6058,8,1,38,38,269,584,1,0,1,1162,0xE0BA,0x00D9,0x0108,0x6058,0xF389,0x0000,0x0000,0x6182
3_6058_0108_02A,3,0x6058,8,1,42,42,297,644,1,0,1,1163,0xE0B6,0x00D9,0x0108,0x6058,0xF389,0x0000,0x0000,0x61A2
3_6058_0108_02E,3,0x6058,8,1,46,46,325,704,1,0,1,1164,0xE0B2,0x00D9,0x0108,0x6058,0xF389,0x0000,0x0000,0x61C2
3_6058_0108_032,3,0x6058,8,1,50,50,353,764,1,0,1,1165,0xE0AE,0x00D9,0x0108,0x6058,0xF389,0x0000,0x0000,0x61E2
3_6058_0108_036,3,0x6058,8,1,54,54,381,824,1,0,1,1166,0xE0AA,0x00D9,0x0108,0x6058,0xF389,0x0000,0x0000,0x6202
3_6C3D_0008_002,3,0x6C3D,8,0,2,2,14,38,1,0,1,1847,0xE0DE,0x0151,0x0008,0x6C3D,0xF3C9,0x0000,0x0000,0x6C53
3_6C3D_0008_00A,3,0x6C3D,8,0,10,10,70,158,1,0,1,1846,0xE0D6,0x0150,0x0008,0x6C3D,0xF3C9,0x0000,0x0000,0x6C93
3_6C3D_0008_012,3,0x6C3D,8,0,18,18,127,280,1,0,1,1845,0xE0CE,0x014E,0x0008,0x6C3D,0xF3C9,0x0000,0x0000,0x6CD4
3_6C3D_0008_01A,3,0x6C3D,8,0,26,26,180,394,1,0,1,1844,0xE0C6,0x014D,0x0008,0x6C3D,0xF3C9,0x0000,0x0000,0x6D12
3_6C3D_0008_032,3,0x6C3D,8,0,50,50,321,700,1,0,1,1841,0xE0AE,0x0149,0x0008,0x6C3D,0xF3C9,0x0000,0x0000,0x6DD1
3_7796_0108_00A,3,0x7796,8,1,10,10,61,140,1,0,1,3548,0x0A00,0x00DC,0x0108,0x7796,0xF38F,0x0000,0x0000,0x77E0
3_77AE_0108_007,3,0x77AE,8,1,7,7,43,101,1,0,1,3547,0x0700,0x00DB,0x0108,0x77AE,0xF38F,0x0000,0x0000,0x77E0
3_77BE_0108_005,3,0x77BE,8,1,5,5,31,75,1,0,1,3546,0x0500,0x00DB,0x0108,0x77BE,0xF38F,0x0000,0x0000,0x77E0
3_77CE_0108_003,3,0x77CE,8,1,3,3,19,49,1,0,1,3545,0x0300,0x00DA,0x0108,0x77CE,0xF38F,0x0000,0x0000,0x77E0
3_77DE_0108_001,3,0x77DE,8,1,1,1,7,23,1,0,1,3544,0x0100,0x00DA,0x0108,0x77DE,0xF38F,0x0000,0x0000,0x77E0
3_7896_0108_027,3,0x7896,8,1,39,39,275,597,1,0,1,3554,0x2700,0x00DF,0x0108,0x7896,0xF38F,0x0000,0x0000,0x79C8
3_78C6_0108_021,3,0x78C6,8,1,33,33,227,495,1,0,1,3553,0x2100,0x00DE,0x0108,0x78C6,0xF38F,0x0000,0x0000,0x79C8
3_78F6_0108_01B,3,0x78F6,8,1,27,27,179,393,1,0,1,3552,0x1B00,0x00DE,0x0108,0x78F6,0xF38F,0x0000,0x0000,0x79C8
3_791E_0108_016,3,0x791E,8,1,22,22,139,308,1,0,1,3551,0x1600,0x00DD,0x0108,0x791E,0xF38F,0x0000,0x0000,0x79C8
3_793E_0108_012,3,0x793E,8,1,18,18,110,246,1,0,1,3550,0x1200,0x00DD,0x0108,0x793E,0xF38F,0x0000,0x0000,0x79C8
3_795E_0108_00E,3,0x795E,8,1,14,14,85,192,1,0,1,3549,0x0E00,0x00DC,0x0108,0x795E,0xF38F,0x0000,0x0000,0x79C8
3_79D6_0108_03C,3,0x79D6,8,1,60,60,443,954,1,0,1,3557,0x3C00,0x00E0,0x0108,0x79D6,0xF38F,0x0000,0x0000,0x7BAF
3_7A16_0108_034,3,0x7A16,8,1,52,52,398,856,1,0,1,3556,0x3400,0x00E0,0x0108,0x7A16,0xF38F,0x0000,0x0000,0x7BAF
3_7A4E_0108_02D,3,0x7A4E,8,1,45,45,349,751,1,0,1,3555,0x2D00,0x00DF,0x0108,0x7A4E,0xF38F,0x0000,0x0000,0x7BAF
3_7E7C_0105_007,3,0x7E7C,5,1,7,7,31,77,1,0,1,3554,0x0700,0x00E1,0x0105,0x7E7C,0xF390,0x0000,0x0000,0x7E9C
3_7E9A_0105_001,3,0x7E9A,5,1,1,1,4,17,1,0,1,3553,0x0100,0x00E0,0x0105,0x7E9A,0xF390,0x0000,0x0000,0x7E9C
3_7EA4_0105_010,3,0x7EA4,5,1,16,16,74,172,1,0,1,3555,0x1000,0x00E2,0x0105,0x7EA4,0xF390,0x0000,0x0000,0x7EF1
