# NATIVE-timeline level-1 bot v3: continues grind, long horizon
300,y,1
310,y,0
320,y,1
330,y,0
340,y,1
350,y,0
360,y,1
370,y,0
380,y,1
390,y,0
400,y,1
410,y,0
420,y,1
430,y,0
440,y,1
450,y,0
500,start,1
510,start,0
600,right,1
650,a,1
656,a,0
705,a,1
711,a,0
760,a,1
766,a,0
815,a,1
821,a,0
870,a,1
876,a,0
900,start,1
908,start,0
925,a,1
931,a,0
980,a,1
986,a,0
1035,a,1
1041,a,0
1090,a,1
1096,a,0
1145,a,1
1151,a,0
1200,a,1
1200,start,1
1206,a,0
1208,start,0
1255,a,1
1261,a,0
1310,a,1
1316,a,0
1365,a,1
1371,a,0
1420,a,1
1426,a,0
1475,a,1
1481,a,0
1500,start,1
1508,start,0
1530,a,1
1536,a,0
1585,a,1
1591,a,0
1640,a,1
1646,a,0
1695,a,1
1701,a,0
1750,a,1
1756,a,0
1800,start,1
1805,a,1
1808,start,0
1811,a,0
1860,a,1
1866,a,0
1915,a,1
1921,a,0
1970,a,1
1976,a,0
2025,a,1
2031,a,0
2080,a,1
2086,a,0
2100,start,1
2108,start,0
2135,a,1
2141,a,0
2190,a,1
2196,a,0
2245,a,1
2251,a,0
2300,a,1
2306,a,0
2355,a,1
2361,a,0
2400,start,1
2408,start,0
2410,a,1
2416,a,0
2465,a,1
2471,a,0
2520,a,1
2526,a,0
2575,a,1
2581,a,0
2630,a,1
2636,a,0
2685,a,1
2691,a,0
2700,start,1
2708,start,0
2740,a,1
2746,a,0
2795,a,1
2801,a,0
2850,a,1
2856,a,0
2905,a,1
2911,a,0
2960,a,1
2966,a,0
3000,start,1
3008,start,0
3015,a,1
3021,a,0
3070,a,1
3076,a,0
3125,a,1
3131,a,0
3180,a,1
3186,a,0
3235,a,1
3241,a,0
3290,a,1
3296,a,0
3300,start,1
3308,start,0
3345,a,1
3351,a,0
3400,a,1
3406,a,0
3455,a,1
3461,a,0
3510,a,1
3516,a,0
3565,a,1
3571,a,0
3600,start,1
3608,start,0
3620,a,1
3626,a,0
3675,a,1
3681,a,0
3730,a,1
3736,a,0
3785,a,1
3791,a,0
3840,a,1
3846,a,0
3895,a,1
3900,start,1
3901,a,0
3908,start,0
3950,a,1
3956,a,0
4005,a,1
4011,a,0
4060,a,1
4066,a,0
4115,a,1
4121,a,0
4170,a,1
4176,a,0
4200,start,1
4208,start,0
4225,a,1
4231,a,0
4280,a,1
4286,a,0
4335,a,1
4341,a,0
4390,a,1
4396,a,0
4445,a,1
4451,a,0
4500,a,1
4500,start,1
4506,a,0
4508,start,0
4555,a,1
4561,a,0
4610,a,1
4616,a,0
4665,a,1
4671,a,0
4720,a,1
4726,a,0
4775,a,1
4781,a,0
4800,start,1
4808,start,0
4830,a,1
4836,a,0
4885,a,1
4891,a,0
4940,a,1
4946,a,0
4995,a,1
5001,a,0
5050,a,1
5056,a,0
5100,start,1
5105,a,1
5108,start,0
5111,a,0
5160,a,1
5166,a,0
5215,a,1
5221,a,0
5270,a,1
5276,a,0
5325,a,1
5331,a,0
5380,a,1
5386,a,0
5400,start,1
5408,start,0
5435,a,1
5441,a,0
5490,a,1
5496,a,0
5545,a,1
5551,a,0
5600,a,1
5606,a,0
5655,a,1
5661,a,0
5700,start,1
5708,start,0
5710,a,1
5716,a,0
5765,a,1
5771,a,0
5820,a,1
5826,a,0
5875,a,1
5881,a,0
5930,a,1
5936,a,0
5985,a,1
5991,a,0
6000,start,1
6008,start,0
6040,a,1
6046,a,0
6095,a,1
6101,a,0
6150,a,1
6156,a,0
6205,a,1
6211,a,0
6260,a,1
6266,a,0
6300,start,1
6308,start,0
6315,a,1
6321,a,0
6370,a,1
6376,a,0
6425,a,1
6431,a,0
6480,a,1
6486,a,0
6535,a,1
6541,a,0
6590,a,1
6596,a,0
6600,start,1
6608,start,0
6645,a,1
6651,a,0
6700,a,1
6706,a,0
6755,a,1
6761,a,0
6810,a,1
6816,a,0
6865,a,1
6871,a,0
6900,start,1
6908,start,0
6920,a,1
6926,a,0
6975,a,1
6981,a,0
7030,a,1
7036,a,0
7085,a,1
7091,a,0
7140,a,1
7146,a,0
7195,a,1
7200,start,1
7201,a,0
7208,start,0
7250,a,1
7256,a,0
7305,a,1
7311,a,0
7360,a,1
7366,a,0
7415,a,1
7421,a,0
7470,a,1
7476,a,0
7500,start,1
7508,start,0
7525,a,1
7531,a,0
7580,a,1
7586,a,0
7635,a,1
7641,a,0
7690,a,1
7696,a,0
7745,a,1
7751,a,0
7800,a,1
7800,start,1
7806,a,0
7808,start,0
7855,a,1
7861,a,0
7910,a,1
7916,a,0
7965,a,1
7971,a,0
8020,a,1
8026,a,0
8075,a,1
8081,a,0
8100,start,1
8108,start,0
8130,a,1
8136,a,0
8185,a,1
8191,a,0
8240,a,1
8246,a,0
8295,a,1
8301,a,0
8350,a,1
8356,a,0
8400,start,1
8405,a,1
8408,start,0
8411,a,0
8460,a,1
8466,a,0
8515,a,1
8521,a,0
8570,a,1
8576,a,0
8625,a,1
8631,a,0
8680,a,1
8686,a,0
8700,start,1
8708,start,0
8735,a,1
8741,a,0
8790,a,1
8796,a,0
8845,a,1
8851,a,0
8900,a,1
8906,a,0
8955,a,1
8961,a,0
9000,start,1
9008,start,0
9010,a,1
9016,a,0
9065,a,1
9071,a,0
9120,a,1
9126,a,0
9175,a,1
9181,a,0
9230,a,1
9236,a,0
9285,a,1
9291,a,0
9300,start,1
9308,start,0
9340,a,1
9346,a,0
9395,a,1
9401,a,0
9450,a,1
9456,a,0
9505,a,1
9511,a,0
9560,a,1
9566,a,0
9600,start,1
9608,start,0
9615,a,1
9621,a,0
9670,a,1
9676,a,0
9725,a,1
9731,a,0
9780,a,1
9786,a,0
9835,a,1
9841,a,0
9890,a,1
9896,a,0
9900,start,1
9908,start,0
9945,a,1
9951,a,0
10000,a,1
10006,a,0
10055,a,1
10061,a,0
10110,a,1
10116,a,0
10165,a,1
10171,a,0
10200,start,1
10208,start,0
10220,a,1
10226,a,0
10275,a,1
10281,a,0
10330,a,1
10336,a,0
10385,a,1
10391,a,0
10440,a,1
10446,a,0
10495,a,1
10500,start,1
10501,a,0
10508,start,0
10550,a,1
10556,a,0
10605,a,1
10611,a,0
10660,a,1
10666,a,0
10715,a,1
10721,a,0
10770,a,1
10776,a,0
10800,start,1
10808,start,0
10825,a,1
10831,a,0
10880,a,1
10886,a,0
10935,a,1
10941,a,0
10990,a,1
10996,a,0
11045,a,1
11051,a,0
11100,a,1
11100,start,1
11106,a,0
11108,start,0
11155,a,1
11161,a,0
11210,a,1
11216,a,0
11265,a,1
11271,a,0
11320,a,1
11326,a,0
11375,a,1
11381,a,0
11400,start,1
11408,start,0
11430,a,1
11436,a,0
11485,a,1
11491,a,0
11540,a,1
11546,a,0
11595,a,1
11601,a,0
11650,a,1
11656,a,0
11700,start,1
11705,a,1
11708,start,0
11711,a,0
11760,a,1
11766,a,0
11815,a,1
11821,a,0
11870,a,1
11876,a,0
11925,a,1
11931,a,0
11980,a,1
11986,a,0
12000,start,1
12008,start,0
12035,a,1
12041,a,0
12090,a,1
12096,a,0
12145,a,1
12151,a,0
12200,a,1
12206,a,0
12255,a,1
12261,a,0
12300,start,1
12308,start,0
12310,a,1
12316,a,0
12365,a,1
12371,a,0
12420,a,1
12426,a,0
12475,a,1
12481,a,0
12530,a,1
12536,a,0
12585,a,1
12591,a,0
12600,start,1
12608,start,0
12640,a,1
12646,a,0
12695,a,1
12701,a,0
12750,a,1
12756,a,0
12805,a,1
12811,a,0
12860,a,1
12866,a,0
12900,start,1
12908,start,0
12915,a,1
12921,a,0
12970,a,1
12976,a,0
13025,a,1
13031,a,0
13080,a,1
13086,a,0
13135,a,1
13141,a,0
13190,a,1
13196,a,0
13200,start,1
13208,start,0
13245,a,1
13251,a,0
13300,a,1
13306,a,0
13355,a,1
13361,a,0
13410,a,1
13416,a,0
13465,a,1
13471,a,0
13500,start,1
13508,start,0
13520,a,1
13526,a,0
13575,a,1
13581,a,0
13630,a,1
13636,a,0
13685,a,1
13691,a,0
13740,a,1
13746,a,0
13795,a,1
13800,start,1
13801,a,0
13808,start,0
13850,a,1
13856,a,0
13905,a,1
13911,a,0
13960,a,1
13966,a,0
14015,a,1
14021,a,0
14070,a,1
14076,a,0
14100,start,1
14108,start,0
14125,a,1
14131,a,0
14180,a,1
14186,a,0
14235,a,1
14241,a,0
14290,a,1
14296,a,0
14345,a,1
14351,a,0
14400,a,1
14400,start,1
14406,a,0
14408,start,0
14455,a,1
14461,a,0
14510,a,1
14516,a,0
14565,a,1
14571,a,0
14620,a,1
14626,a,0
14675,a,1
14681,a,0
14700,start,1
14708,start,0
14730,a,1
14736,a,0
14785,a,1
14791,a,0
14840,a,1
14846,a,0
14895,a,1
14901,a,0
14950,a,1
14956,a,0
15000,start,1
15005,a,1
15008,start,0
15011,a,0
15060,a,1
15066,a,0
15115,a,1
15121,a,0
15170,a,1
15176,a,0
15225,a,1
15231,a,0
15280,a,1
15286,a,0
15300,start,1
15308,start,0
15335,a,1
15341,a,0
15390,a,1
15396,a,0
15445,a,1
15451,a,0
15500,a,1
15506,a,0
15555,a,1
15561,a,0
15600,start,1
15608,start,0
15610,a,1
15616,a,0
15665,a,1
15671,a,0
15720,a,1
15726,a,0
15775,a,1
15781,a,0
15830,a,1
15836,a,0
15885,a,1
15891,a,0
15900,start,1
15908,start,0
15940,a,1
15946,a,0
15995,a,1
16001,a,0
16050,a,1
16056,a,0
16105,a,1
16111,a,0
16160,a,1
16166,a,0
16200,start,1
16208,start,0
16215,a,1
16221,a,0
16270,a,1
16276,a,0
16325,a,1
16331,a,0
16380,a,1
16386,a,0
16435,a,1
16441,a,0
16490,a,1
16496,a,0
16500,start,1
16508,start,0
16545,a,1
16551,a,0
16600,a,1
16606,a,0
16655,a,1
16661,a,0
16710,a,1
16716,a,0
16765,a,1
16771,a,0
16800,start,1
16808,start,0
16820,a,1
16826,a,0
16875,a,1
16881,a,0
16930,a,1
16936,a,0
16985,a,1
16991,a,0
17040,a,1
17046,a,0
17095,a,1
17100,start,1
17101,a,0
17108,start,0
17150,a,1
17156,a,0
17205,a,1
17211,a,0
17260,a,1
17266,a,0
17315,a,1
17321,a,0
17370,a,1
17376,a,0
17400,start,1
17408,start,0
17425,a,1
17431,a,0
17480,a,1
17486,a,0
17535,a,1
17541,a,0
17590,a,1
17596,a,0
17645,a,1
17651,a,0
17700,a,1
17700,start,1
17706,a,0
17708,start,0
17755,a,1
17761,a,0
17810,a,1
17816,a,0
17865,a,1
17871,a,0
17920,a,1
17926,a,0
17975,a,1
17981,a,0
18000,start,1
18008,start,0
18030,a,1
18036,a,0
18085,a,1
18091,a,0
18140,a,1
18146,a,0
18195,a,1
18201,a,0
18250,a,1
18256,a,0
18300,start,1
18305,a,1
18308,start,0
18311,a,0
18360,a,1
18366,a,0
18415,a,1
18421,a,0
18470,a,1
18476,a,0
18525,a,1
18531,a,0
18580,a,1
18586,a,0
18600,start,1
18608,start,0
18635,a,1
18641,a,0
18690,a,1
18696,a,0
18745,a,1
18751,a,0
18800,a,1
18806,a,0
18855,a,1
18861,a,0
18900,start,1
18908,start,0
18910,a,1
18916,a,0
18965,a,1
18971,a,0
19020,a,1
19026,a,0
19075,a,1
19081,a,0
19130,a,1
19136,a,0
19185,a,1
19191,a,0
19200,start,1
19208,start,0
19240,a,1
19246,a,0
19295,a,1
19301,a,0
19350,a,1
19356,a,0
19405,a,1
19411,a,0
19460,a,1
19466,a,0
19500,start,1
19508,start,0
19515,a,1
19521,a,0
19570,a,1
19576,a,0
19625,a,1
19631,a,0
19680,a,1
19686,a,0
19735,a,1
19741,a,0
19790,a,1
19796,a,0
19800,start,1
19808,start,0
19845,a,1
19851,a,0
19900,a,1
19906,a,0
19955,a,1
19961,a,0
20010,a,1
20016,a,0
20065,a,1
20071,a,0
20100,start,1
20108,start,0
20120,a,1
20126,a,0
20175,a,1
20181,a,0
20230,a,1
20236,a,0
20285,a,1
20291,a,0
20340,a,1
20346,a,0
20395,a,1
20400,start,1
20401,a,0
20408,start,0
20450,a,1
20456,a,0
20505,a,1
20511,a,0
20560,a,1
20566,a,0
20615,a,1
20621,a,0
20670,a,1
20676,a,0
20700,start,1
20708,start,0
20725,a,1
20731,a,0
20780,a,1
20786,a,0
20835,a,1
20841,a,0
20890,a,1
20896,a,0
20945,a,1
20951,a,0
21000,a,1
21000,start,1
21006,a,0
21008,start,0
21055,a,1
21061,a,0
21110,a,1
21116,a,0
21165,a,1
21171,a,0
21220,a,1
21226,a,0
21275,a,1
21281,a,0
21300,start,1
21308,start,0
21330,a,1
21336,a,0
21385,a,1
21391,a,0
21440,a,1
21446,a,0
21495,a,1
21501,a,0
21550,a,1
21556,a,0
21600,start,1
21605,a,1
21608,start,0
21611,a,0
21660,a,1
21666,a,0
21715,a,1
21721,a,0
21770,a,1
21776,a,0
21825,a,1
21831,a,0
21880,a,1
21886,a,0
21900,start,1
21908,start,0
21935,a,1
21941,a,0
21990,a,1
21996,a,0
22045,a,1
22051,a,0
22100,a,1
22106,a,0
22155,a,1
22161,a,0
22200,start,1
22208,start,0
22210,a,1
22216,a,0
22265,a,1
22271,a,0
22320,a,1
22326,a,0
22375,a,1
22381,a,0
22430,a,1
22436,a,0
22485,a,1
22491,a,0
22500,start,1
22508,start,0
22540,a,1
22546,a,0
22595,a,1
22601,a,0
22650,a,1
22656,a,0
22705,a,1
22711,a,0
22760,a,1
22766,a,0
22800,start,1
22808,start,0
22815,a,1
22821,a,0
22870,a,1
22876,a,0
22925,a,1
22931,a,0
22980,a,1
22986,a,0
23035,a,1
23041,a,0
23090,a,1
23096,a,0
23100,start,1
23108,start,0
23145,a,1
23151,a,0
23200,a,1
23206,a,0
23255,a,1
23261,a,0
23310,a,1
23316,a,0
23365,a,1
23371,a,0
23400,start,1
23408,start,0
23420,a,1
23426,a,0
23475,a,1
23481,a,0
23530,a,1
23536,a,0
23585,a,1
23591,a,0
23640,a,1
23646,a,0
23695,a,1
23700,start,1
23701,a,0
23708,start,0
23750,a,1
23756,a,0
23805,a,1
23811,a,0
23860,a,1
23866,a,0
23915,a,1
23921,a,0
23970,a,1
23976,a,0
24000,start,1
24008,start,0
24025,a,1
24031,a,0
24080,a,1
24086,a,0
24135,a,1
24141,a,0
24190,a,1
24196,a,0
24245,a,1
24251,a,0
24300,a,1
24300,start,1
24306,a,0
24308,start,0
24355,a,1
24361,a,0
24410,a,1
24416,a,0
24465,a,1
24471,a,0
24520,a,1
24526,a,0
24575,a,1
24581,a,0
24600,start,1
24608,start,0
24630,a,1
24636,a,0
24685,a,1
24691,a,0
24740,a,1
24746,a,0
24795,a,1
24801,a,0
24850,a,1
24856,a,0
24900,start,1
24905,a,1
24908,start,0
24911,a,0
24960,a,1
24966,a,0
25015,a,1
25021,a,0
25070,a,1
25076,a,0
25125,a,1
25131,a,0
25180,a,1
25186,a,0
25200,start,1
25208,start,0
25235,a,1
25241,a,0
25290,a,1
25296,a,0
25345,a,1
25351,a,0
25400,a,1
25406,a,0
25455,a,1
25461,a,0
25500,start,1
25508,start,0
25510,a,1
25516,a,0
25565,a,1
25571,a,0
25620,a,1
25626,a,0
25675,a,1
25681,a,0
25730,a,1
25736,a,0
25785,a,1
25791,a,0
25800,start,1
25808,start,0
25840,a,1
25846,a,0
25895,a,1
25901,a,0
25950,a,1
25956,a,0
